{
    "name": "init",
    "steps": [
        {
            "step": "setState",
            "newAddresses": [
                {
                    "creatorAddress": "address:node_address",
                    "creatorNonce": "0",
                    "newAddress": "sc:delegation"
                }
            ]
        },
        {
            "step": "scDeploy",
            "txId": "deploy-1",
            "tx": {
                "from": "address:node_address",
                "value": "0",
                "contractCode": "file:../../output/delegation_v0_5_1_full.wasm",
                "arguments": [
                    "sc:auction",
                    "5000",
                    "0",
                    "60",
                    "str:minimum stake that we never use, just a big number",
                    "1,000,000,000"
                ],
                "gasLimit": "100,000,000",
                "gasPrice": "0"
            },
            "expect": {
                "out": [],
                "status": "",
                "logs": [],
                "gas": "*",
                "refund": "*"
            }
        },
        {
            "step": "scCall",
            "txId": "setMinimumStake",
            "tx": {
                "from": "address:node_address",
                "to": "sc:delegation",
                "value": "0",
                "function": "setMinimumStake",
                "arguments": ["1,000,000,000"],
                "gasLimit": "100,000,000",
                "gasPrice": "0"
            },
            "expect": {
                "out": [],
                "status": "",
                "logs": [],
                "gas": "*",
                "refund": "*"
            }
        }
    ]
}
