{
    "name": "claim-egld",
    "steps": [
        {
            "step": "externalSteps",
            "path": "fund-egld-and-esdt.scen.json"
        },
        {
            "step": "scCall",
            "id": "claim2",
            "tx": {
                "from": "address:acc2",
                "to": "sc:the_digital_cash_contract",
                "function": "claim",
                "arguments": [
                    "0xd0474a3a065d3f0c0a62ae680ef6435e48eb482899d2ae30ff7a3a4b0ef19c60",
                    "0x443c75ceadb9ec42acff7e1b92e0305182279446c1d6c0502959484c147a0430d3f96f0b988e646f6736d5bf8e4a843d8ba7730d6fa7e60f0ef3edd225ce630f"
                ],
                "gasLimit": "500,000,000",
                "gasPrice": "0"
            },
            "expect": {
                "out": [],
                "status": "4",
                "message": "str:non-existent key",
                "logs": "*",
                "gas": "*",
                "refund": "*"
            }
        },
        {
            "step": "setState",
            "comment": "set block",
            "currentBlockInfo": {
                "blockTimestamp": "511",
                "blockNonce": "1555",
                "blockRound": "1555",
                "blockEpoch": "1"
            }
        },
        {
            "step": "scCall",
            "id": "claim3",
            "tx": {
                "from": "address:acc2",
                "to": "sc:the_digital_cash_contract",
                "function": "claim",
                "arguments": [
                    "0xdb474a3a065d3f0c0a62ae680ef6435e48eb482899d2ae30ff7a3a4b0ef19c60",
                    "0x443c75ceadb9ec42acff7e1b92e0305182279446c1d6c0502959484c147a0430d3f96f0b988e646f6736d5bf8e4a843d8ba7730d6fa7e60f0ef3edd225ce630f"
                ],
                "gasLimit": "500,000,000",
                "gasPrice": "0"
            },
            "expect": {
                "out": [],
                "status": "4",
                "message": "str:deposit expired",
                "logs": "*",
                "gas": "*",
                "refund": "*"
            }
        },
        {
            "step": "setState",
            "comment": "set block",
            "currentBlockInfo": {
                "blockTimestamp": "511",
                "blockNonce": "8",
                "blockRound": "8",
                "blockEpoch": "1"
            }
        },
        {
            "step": "scCall",
            "id": "claim4",
            "tx": {
                "from": "address:acc2",
                "to": "sc:the_digital_cash_contract",
                "function": "claim",
                "arguments": [
                    "0xdb474a3a065d3f0c0a62ae680ef6435e48eb482899d2ae30ff7a3a4b0ef19c60",
                    "0x12bb9e58dad361e9dadd0af1021ce53f9ca12b6580f5b3ab4f9c321ee055a38bcdcf35924eb46aef7a80b22387ded0b837734ac8a57e19ea12c33ef808f996c00"
                ],
                "gasLimit": "500,000,000",
                "gasPrice": "0"
            },
            "expect": {
                "out": [],
                "status": "4",
                "message": "str:argument decode error (signature): bad array length",
                "logs": "*",
                "gas": "*",
                "refund": "*"
            }
        },
        {
            "step": "scCall",
            "id": "claim5",
            "tx": {
                "from": "address:acc2",
                "to": "sc:the_digital_cash_contract",
                "function": "claim",
                "arguments": [
                    "0xdb474a3a065d3f0c0a62ae680ef6435e48eb482899d2ae30ff7a3a4b0ef19c60",
                    "0x443c75ceadb9ec42acff7e1b92e0305182279446c1d6c0502959484c147a0430d3f96f0b988e646f6736d5bf8e4a843d8ba7730d6fa7e60f0ef3edd225ce630f"
                ],
                "gasLimit": "500,000,000",
                "gasPrice": "0"
            },
            "expect": {
                "out": [],
                "status": "0",
                "message": "",
                "logs": "*",
                "gas": "*",
                "refund": "*"
            }
        },
        {
            "step": "checkState",
            "accounts": {
                "sc:the_digital_cash_contract": {
                    "nonce": "0",
                    "balance": "2,010",
                    "esdt": {
                        "str:CASHTOKEN-123456": "50",
                        "str:CASHTOKEN-112233": "50",
                        "str:CASHTOKEN-445566": "50",
                        "str:CASHTOKEN-778899": "50"
                    },
                    "storage": {
                        "str:deposit|0x487bd4010b50c24a02018345fe5171edf4182e6294325382c75ef4c4409f01bd": {
                            "0-depositor_address": "address:acc2",
                            "1-funds": "u32:1|nested:str:CASHTOKEN-123456|u64:0|biguint:50",
                            "2-valability": "u64:100",
                            "3-expiration_round": "u64:16",
                            "5-fees": {
                                "0-num_token_to_transfer": "u32:1",
                                "1-value": {
                                    "0-tokenIdentifier": "nested:str:EGLD",
                                    "1-nonce": "u64:0",
                                    "2-amount": "biguint:1,000"
                                }
                            }
                        },
                        "str:deposit|0x885532043a061e0c779e4064b85193f72cffd22c5bcc208c209128e60f21bf0d": {
                            "0-depositor_address": "address:acc3",
                            "1-funds": "u32:3|nested:str:CASHTOKEN-112233|u64:0|biguint:50|nested:str:CASHTOKEN-445566|u64:0|biguint:50|nested:str:CASHTOKEN-778899|u64:0|biguint:50",
                            "2-valability": "u64:100",
                            "3-expiration_round": "u64:16",
                            "4-fees": {
                                "0-num_token_to_transfer": "u32:3",
                                "1-value": {
                                    "0-tokenIdentifier": "nested:str:EGLD",
                                    "1-nonce": "u64:0",
                                    "2-amount": "biguint:1,000"
                                }
                            }
                        },
                        "str:fee|nested:str:EGLD": "10",
                        "str:whitelistedFeeTokens|str:.len": "1",
                        "str:whitelistedFeeTokens|str:.item|u32:1": "str:EGLD",
                        "str:whitelistedFeeTokens|str:.index|nested:str:EGLD": "1",
                        "str:allTimeFeeTokens|str:.len": "1",
                        "str:allTimeFeeTokens|str:.item|u32:1": "str:EGLD",
                        "str:allTimeFeeTokens|str:.index|nested:str:EGLD": "1",
                        "str:collectedFees|nested:str:EGLD": "10"
                    },
                    "code": "mxsc:../output/digital-cash.mxsc.json"
                },
                "address:acc1": {
                    "nonce": "3",
                    "balance": "998,990",
                    "storage": {}
                },
                "address:acc2": {
                    "nonce": "7",
                    "balance": "1,000,000",
                    "esdt": {
                        "str:CASHTOKEN-123456": "50"
                    },
                    "storage": {}
                },
                "address:acc3": {
                    "nonce": "3",
                    "balance": "999,000",
                    "esdt": {
                        "str:CASHTOKEN-112233": "50",
                        "str:CASHTOKEN-445566": "50",
                        "str:CASHTOKEN-778899": "50"
                    },
                    "storage": {}
                },
                "address:digital_cash_owner_address": {
                    "nonce": "1",
                    "balance": "0",
                    "storage": {}
                }
            }
        }
    ]
}
