{
    "name": "pay-fee-and-fund-esdt-multiple",
    "steps": [
        {
            "step": "externalSteps",
            "path": "whitelist-blacklist-fee-tokens.scen.json"
        },
        {
            "step": "scCall",
            "id": "pay-fee-and-fund-esdt-fail",
            "tx": {
                "from": "address:acc3",
                "to": "sc:the_digital_cash_contract",
                "esdtValue": [
                    {
                        "tokenIdentifier": "str:CASHTOKEN-445566",
                        "value": "50"
                    },
                    {
                        "tokenIdentifier": "str:CASHTOKEN-112233",
                        "value": "50"
                    }
                ],
                "function": "payFeeAndFund",
                "arguments": [
                    "0xdb474a3a065d3f0c0a62ae680ef6435e48eb482899d2ae30ff7a3a4b0ef19c60",
                    "u64:100"
                ],
                "gasLimit": "500,000,000",
                "gasPrice": "0"
            },
            "expect": {
                "out": [],
                "status": "4",
                "message": "str:invalid fee toke provided",
                "logs": "*",
                "gas": "*",
                "refund": "*"
            }
        },
        {
            "step": "scCall",
            "id": "pay-fee-and-fund-esdt-success",
            "tx": {
                "from": "address:acc3",
                "to": "sc:the_digital_cash_contract",
                "esdtValue": [
                    {
                        "tokenIdentifier": "str:CASHTOKEN-778899",
                        "value": "50"
                    },
                    {
                        "tokenIdentifier": "str:CASHTOKEN-112233",
                        "value": "50"
                    }
                ],
                "function": "payFeeAndFund",
                "arguments": [
                    "0xdb474a3a065d3f0c0a62ae680ef6435e48eb482899d2ae30ff7a3a4b0ef19c60",
                    "u64:100"
                ],
                "gasLimit": "500,000,000",
                "gasPrice": "0"
            },
            "expect": {
                "out": [],
                "status": "0",
                "message": "",
                "logs": "*",
                "gas": "*",
                "refund": "*"
            }
        },
        {
            "step": "scCall",
            "id": "pay-fee-and-fund-esdt-fail2",
            "tx": {
                "from": "address:acc3",
                "to": "sc:the_digital_cash_contract",
                "esdtValue": [
                    {
                        "tokenIdentifier": "str:CASHTOKEN-778899",
                        "value": "3"
                    },
                    {
                        "tokenIdentifier": "str:CASHTOKEN-445566",
                        "value": "50"
                    }
                ],
                "function": "payFeeAndFund",
                "arguments": [
                    "0xdb474a3a065d3f0c0a62ae680ef6435e48eb482899d2ae30ff7a3a4b0ef19c60",
                    "u64:100"
                ],
                "gasLimit": "500,000,000",
                "gasPrice": "0"
            },
            "expect": {
                "out": [],
                "status": "4",
                "message": "str:key already used",
                "logs": "*",
                "gas": "*",
                "refund": "*"
            }
        },
        {
            "step": "checkState",
            "accounts": {
                "sc:the_digital_cash_contract": {
                    "nonce": "0",
                    "balance": "0",
                    "esdt": {
                        "str:CASHTOKEN-112233": "50",
                        "str:CASHTOKEN-778899": "50"
                    },
                    "storage": {
                        "str:deposit|0xdb474a3a065d3f0c0a62ae680ef6435e48eb482899d2ae30ff7a3a4b0ef19c60": {
                            "0-depositor_address": "address:acc3",
                            "1-funds": "u32:2|nested:str:CASHTOKEN-778899|u64:0|biguint:44|nested:str:CASHTOKEN-112233|u64:0|biguint:50",
                            "2-valability": "u64:100",
                            "3-expiration_round": "u64:16",
                            "4-fees": {
                                "0-num_token_to_transfer": "u32:2",
                                "1-value": {
                                    "0-tokenIdentifier": "nested:str:CASHTOKEN-778899",
                                    "1-nonce": "u64:0",
                                    "2-amount": "biguint:6"
                                }
                            }
                        },
                        "str:fee|nested:str:EGLD": "10",
                        "str:fee|nested:str:CASHTOKEN-778899": "3",
                        "str:whitelistedFeeTokens|str:.len": "2",
                        "str:whitelistedFeeTokens|str:.item|u32:1": "str:EGLD",
                        "str:whitelistedFeeTokens|str:.item|u32:2": "str:CASHTOKEN-778899",
                        "str:whitelistedFeeTokens|str:.index|nested:str:EGLD": "1",
                        "str:whitelistedFeeTokens|str:.index|nested:str:CASHTOKEN-778899": "2",
                        "str:allTimeFeeTokens|str:.len": "3",
                        "str:allTimeFeeTokens|str:.item|u32:1": "str:EGLD",
                        "str:allTimeFeeTokens|str:.item|u32:2": "str:CASHTOKEN-778899",
                        "str:allTimeFeeTokens|str:.item|u32:3": "str:ESDT-778899",
                        "str:allTimeFeeTokens|str:.index|nested:str:EGLD": "1",
                        "str:allTimeFeeTokens|str:.index|nested:str:CASHTOKEN-778899": "2",
                        "str:allTimeFeeTokens|str:.index|nested:str:ESDT-778899": "3"
                    },
                    "code": "mxsc:../output/digital-cash.mxsc.json"
                },
                "address:acc1": {
                    "nonce": "0",
                    "balance": "1,000,000",
                    "storage": {}
                },
                "address:acc2": {
                    "nonce": "0",
                    "balance": "1,000,000",
                    "esdt": {
                        "str:CASHTOKEN-123456": "100"
                    },
                    "storage": {}
                },
                "address:acc3": {
                    "nonce": "3",
                    "balance": "1,000,000",
                    "esdt": {
                        "str:CASHTOKEN-112233": "50",
                        "str:CASHTOKEN-445566": "100",
                        "str:CASHTOKEN-778899": "50"
                    },
                    "storage": {}
                },
                "address:digital_cash_owner_address": {
                    "nonce": "6",
                    "balance": "0",
                    "storage": {}
                }
            }
        }
    ]
}
