{
    "name": "add funds to all fund buckets",
    "steps": [
        {
            "step": "scCall",
            "id": "user-unstake",
            "tx": {
                "from": "address:delegator2",
                "to": "sc:delegation",
                "function": "unStake",
                "arguments": [
                    "6,000,000,000"
                ],
                "gasLimit": "100,000,000",
                "gasPrice": "0"
            },
            "expect": {
                "out": [],
                "status": "",
                "logs": "*",
                "gas": "*",
                "refund": "*"
            }
        },
        {
            "step": "transfer",
            "id": "supply delegator 2",
            "tx": {
                "from": "address:endless_sack_of_erd",
                "to": "address:delegator2",
                "egldValue": "3,000,000,000"
            }
        },
        {
            "step": "scCall",
            "id": "delegator 2 stake",
            "tx": {
                "from": "address:delegator2",
                "to": "sc:delegation",
                "egldValue": "3,000,000,000",
                "function": "stake",
                "arguments": [],
                "gasLimit": "100,000,000",
                "gasPrice": "0"
            },
            "expect": {
                "out": [],
                "status": "",
                "logs": "*",
                "gas": "*",
                "refund": "*"
            }
        }
    ]
}
