{
    "name": "init nodes",
    "steps": [
        {
            "step": "scCall",
            "id": "add nodes",
            "tx": {
                "from": "address:node_address",
                "to": "sc:delegation",
                "function": "addNodes",
                "arguments": [
                    "str:bls_key_1_______________________________________________________________________________________",
                    "str:signature_1_____________________________________",
                    "str:bls_key_2_______________________________________________________________________________________",
                    "str:signature_2_____________________________________",
                    "str:bls_key_3_______________________________________________________________________________________",
                    "str:signature_3_____________________________________",
                    "str:bls_key_4_______________________________________________________________________________________",
                    "str:signature_4_____________________________________",
                    "str:bls_key_5_______________________________________________________________________________________",
                    "str:signature_5_____________________________________",
                    "str:bls_key_6_______________________________________________________________________________________",
                    "str:signature_6_____________________________________",
                    "str:bls_key_7_______________________________________________________________________________________",
                    "str:signature_7_____________________________________"
                ],
                "gasLimit": "100,000,000",
                "gasPrice": "0"
            },
            "expect": {
                "out": [],
                "status": "",
                "logs": [],
                "gas": "*",
                "refund": "*"
            }
        },
        {
            "step": "scCall",
            "id": "check-node_state-1",
            "tx": {
                "from": "address:someone",
                "to": "sc:delegation",
                "function": "getAllNodeStates",
                "arguments": [],
                "gasLimit": "100,000,000",
                "gasPrice": "0"
            },
            "expect": {
                "out": [
                    "str:bls_key_1_______________________________________________________________________________________",
                    "0",
                    "str:bls_key_2_______________________________________________________________________________________",
                    "0",
                    "str:bls_key_3_______________________________________________________________________________________",
                    "0",
                    "str:bls_key_4_______________________________________________________________________________________",
                    "0",
                    "str:bls_key_5_______________________________________________________________________________________",
                    "0",
                    "str:bls_key_6_______________________________________________________________________________________",
                    "0",
                    "str:bls_key_7_______________________________________________________________________________________",
                    "0"
                ],
                "status": "",
                "logs": [],
                "gas": "*",
                "refund": "*"
            }
        },
        {
            "step": "scCall",
            "id": "rem nodes",
            "tx": {
                "from": "address:node_address",
                "to": "sc:delegation",
                "function": "removeNodes",
                "arguments": [
                    "str:bls_key_1_______________________________________________________________________________________",
                    "str:bls_key_4_______________________________________________________________________________________",
                    "str:bls_key_7_______________________________________________________________________________________"
                ],
                "gasLimit": "100,000,000",
                "gasPrice": "0"
            },
            "expect": {
                "out": [],
                "status": "",
                "logs": [],
                "gas": "*",
                "refund": "*"
            }
        },
        {
            "step": "scCall",
            "id": "check-node_state-2",
            "tx": {
                "from": "address:someone",
                "to": "sc:delegation",
                "function": "getAllNodeStates",
                "arguments": [],
                "gasLimit": "100,000,000",
                "gasPrice": "0"
            },
            "expect": {
                "out": [
                    "str:bls_key_1_______________________________________________________________________________________",
                    "7",
                    "str:bls_key_2_______________________________________________________________________________________",
                    "0",
                    "str:bls_key_3_______________________________________________________________________________________",
                    "0",
                    "str:bls_key_4_______________________________________________________________________________________",
                    "7",
                    "str:bls_key_5_______________________________________________________________________________________",
                    "0",
                    "str:bls_key_6_______________________________________________________________________________________",
                    "0",
                    "str:bls_key_7_______________________________________________________________________________________",
                    "7"
                ],
                "status": "",
                "logs": [],
                "gas": "*",
                "refund": "*"
            }
        },
        {
            "step": "scCall",
            "id": "check signature",
            "tx": {
                "from": "address:someone",
                "to": "sc:delegation",
                "function": "getNodeSignature",
                "arguments": [
                    "str:bls_key_3_______________________________________________________________________________________"
                ],
                "gasLimit": "100,000,000",
                "gasPrice": "0"
            },
            "expect": {
                "out": [
                    "str:signature_3_____________________________________"
                ],
                "status": "",
                "logs": [],
                "gas": "*",
                "refund": "*"
            }
        },
        {
            "step": "scCall",
            "id": "check signature for node that doesn't exist",
            "tx": {
                "from": "address:someone",
                "to": "sc:delegation",
                "function": "getNodeSignature",
                "arguments": [
                    "str:bls_key_z_______________________________________________________________________________________"
                ],
                "gasLimit": "100,000,000",
                "gasPrice": "0"
            },
            "expect": {
                "out": [],
                "status": "",
                "logs": [],
                "gas": "*",
                "refund": "*"
            }
        },
        {
            "step": "scCall",
            "id": "rem nodes bad 1",
            "tx": {
                "from": "address:node_address",
                "to": "sc:delegation",
                "function": "removeNodes",
                "arguments": [
                    "str:bls_key_x_______________________________________________________________________________________",
                    "str:bls_key_2_______________________________________________________________________________________"
                ],
                "gasLimit": "100,000,000",
                "gasPrice": "0"
            },
            "expect": {
                "out": [],
                "status": "4",
                "message": "str:node not registered",
                "logs": "*",
                "gas": "*",
                "refund": "*"
            }
        },
        {
            "step": "scCall",
            "id": "rem nodes bad 2",
            "tx": {
                "from": "address:node_address",
                "to": "sc:delegation",
                "function": "removeNodes",
                "arguments": [
                    "str:bls_key_1_______________________________________________________________________________________"
                ],
                "gasLimit": "100,000,000",
                "gasPrice": "0"
            },
            "expect": {
                "out": [],
                "status": "4",
                "message": "str:only inactive nodes can be removed",
                "logs": "*",
                "gas": "*",
                "refund": "*"
            }
        }
    ]
}
