{
    "name": "deploy",
    "steps": [
        {
            "step": "setState",
            "accounts": {
                "address:aggregator-owner": {
                    "nonce": "0",
                    "balance": "0",
                    "storage": {}
                },
                "address:oracle": {
                    "nonce": "0",
                    "balance": "100",
                    "storage": {}
                },
                "address:oracle2": {
                    "nonce": "0",
                    "balance": "100",
                    "storage": {}
                },
                "address:oracle3": {
                    "nonce": "0",
                    "balance": "100",
                    "storage": {}
                },
                "address:oracle4": {
                    "nonce": "0",
                    "balance": "0",
                    "storage": {}
                },
                "address:oracle5": {
                    "nonce": "0",
                    "balance": "0",
                    "storage": {}
                }
            },
            "newAddresses": [
                {
                    "creatorAddress": "address:aggregator-owner",
                    "creatorNonce": "0",
                    "newAddress": "sc:price_aggregator"
                }
            ]
        },
        {
            "step": "scDeploy",
            "txId": "deploy",
            "tx": {
                "from": "address:aggregator-owner",
                "contractCode": "file:../multiversx-price-aggregator-sc.wasm",
                "value": "0",
                "arguments": [
                    "str:EGLD",
                    "20",
                    "10",
                    "3",
                    "3",
                    "address:oracle",
                    "address:oracle2",
                    "address:oracle3",
                    "address:oracle4",
                    "address:oracle5"
                ],
                "gasLimit": "20,000,000",
                "gasPrice": "0"
            },
            "expect": {
                "status": "0",
                "message": "",
                "gas": "*",
                "refund": "*"
            }
        },
        {
            "step": "scCall",
            "txId": "oracle-set-pair",
            "tx": {
                "from": "address:aggregator-owner",
                "to": "sc:price_aggregator",
                "value": "0",
                "function": "setPairDecimals",
                "arguments": [
                    "str:GWEI",
                    "str:BRIDGE",
                    "u8:6"
                ],
                "gasLimit": "40,000,000",
                "gasPrice": "0"
            },
            "expect": {
                "status": "0",
                "message": "",
                "gas": "*",
                "refund": "*"
            }
        },
        {
            "step": "scCall",
            "txId": "oracle-set-pair",
            "tx": {
                "from": "address:aggregator-owner",
                "to": "sc:price_aggregator",
                "value": "0",
                "function": "setPairDecimals",
                "arguments": [
                    "str:GWEI",
                    "str:WEGLD",
                    "u8:9"
                ],
                "gasLimit": "40,000,000",
                "gasPrice": "0"
            },
            "expect": {
                "status": "0",
                "message": "",
                "gas": "*",
                "refund": "*"
            }
        },
        {
            "step": "scCall",
            "txId": "oracle-set-pair",
            "tx": {
                "from": "address:aggregator-owner",
                "to": "sc:price_aggregator",
                "value": "0",
                "function": "setPairDecimals",
                "arguments": [
                    "str:GWEI",
                    "str:ETH",
                    "u8:9"
                ],
                "gasLimit": "40,000,000",
                "gasPrice": "0"
            },
            "expect": {
                "status": "0",
                "message": "",
                "gas": "*",
                "refund": "*"
            }
        },
        {
            "step": "scCall",
            "txId": "unpause",
            "tx": {
                "from": "address:aggregator-owner",
                "to": "sc:price_aggregator",
                "value": "0",
                "function": "unpause",
                "arguments": [],
                "gasLimit": "100,000,000",
                "gasPrice": "0"
            },
            "expect": {
                "status": "0",
                "message": "",
                "out": [],
                "gas": "*",
                "refund": "*"
            }
        },
        {
            "step": "checkState",
            "accounts": {
                "address:aggregator-owner": {
                    "nonce": "5",
                    "balance": "0",
                    "storage": {}
                },
                "sc:price_aggregator": {
                    "nonce": "0",
                    "balance": "0",
                    "storage": {
                        "str:submission_count": "3",
                        "str:decimals": "0",
                        "str:oracle_status.mapped|address:oracle": {
                            "0-total_submissions": "u64:0",
                            "1-accepted_submissions": "u64:0"
                        },
                        "+": ""
                    },
                    "code": "file:../multiversx-price-aggregator-sc.wasm"
                },
                "+": {}
            }
        }
    ]
}
