{
    "name": "get latest round data",
    "steps": [
        {
            "step": "externalSteps",
            "path": "oracle_submit.scen.json"
        },
        {
            "step": "scQuery",
            "tx": {
                "to": "sc:price_aggregator",
                "function": "latestPriceFeedOptional",
                "arguments": [
                    "str:GWEI",
                    "str:BRIDGE"
                ]
            },
            "expect": {
                "status": "0",
                "message": "",
                "out": [
                    "1",
                    "str:GWEI",
                    "str:BRIDGE",
                    "0",
                    "10",
                    "6"
                ]
            }
        },
        {
            "step": "scCall",
            "txId": "query-through-call-some",
            "tx": {
                "from": "address:oracle",
                "to": "sc:price_aggregator",
                "value": "0",
                "function": "latestPriceFeedOptional",
                "arguments": [
                    "str:GWEI",
                    "str:BRIDGE"
                ],
                "gasLimit": "40,000,000",
                "gasPrice": "0"
            },
            "expect": {
                "out": [
                    "1",
                    "str:GWEI",
                    "str:BRIDGE",
                    "0",
                    "10",
                    "6"
                ],
                "status": "0",
                "message": "",
                "gas": "*",
                "refund": "*"
            }
        },
        {
            "step": "scCall",
            "txId": "query-through-call-none",
            "tx": {
                "from": "address:oracle",
                "to": "sc:price_aggregator",
                "value": "0",
                "function": "latestPriceFeedOptional",
                "arguments": [
                    "str:RAND-TOKEN",
                    "str:WEGLD-123456"
                ],
                "gasLimit": "40,000,000",
                "gasPrice": "0"
            },
            "expect": {
                "status": "4",
                "message": "str:token pair not found"
            }
        }
    ]
}
