{
    "name": "oracle stake",
    "steps": [
        {
            "step": "externalSteps",
            "path": "deploy.scen.json"
        },
        {
            "step": "scCall",
            "txId": "oracle-stake",
            "tx": {
                "from": "address:oracle",
                "to": "sc:price_aggregator",
                "value": "100",
                "function": "stake",
                "arguments": [],
                "gasLimit": "40,000,000",
                "gasPrice": "0"
            },
            "expect": {
                "status": "0",
                "message": "",
                "gas": "*",
                "refund": "*"
            }
        },
        {
            "step": "scCall",
            "txId": "oracle-stake",
            "tx": {
                "from": "address:oracle2",
                "to": "sc:price_aggregator",
                "value": "100",
                "function": "stake",
                "arguments": [],
                "gasLimit": "40,000,000",
                "gasPrice": "0"
            },
            "expect": {
                "status": "0",
                "message": "",
                "gas": "*",
                "refund": "*"
            }
        },
        {
            "step": "scCall",
            "txId": "oracle-stake",
            "tx": {
                "from": "address:oracle3",
                "to": "sc:price_aggregator",
                "value": "100",
                "function": "stake",
                "arguments": [],
                "gasLimit": "40,000,000",
                "gasPrice": "0"
            },
            "expect": {
                "status": "0",
                "message": "",
                "gas": "*",
                "refund": "*"
            }
        }
    ]
}
