{
    "name": "crowdfunding funding",
    "steps": [
        {
            "step": "externalSteps",
            "path": "egld-crowdfunding-init.scen.json"
        },
        {
            "step": "setState",
            "accounts": {
                "address:donor1": {
                    "nonce": "0",
                    "balance": "400,000,000,000"
                }
            }
        },
        {
            "step": "scCall",
            "id": "fund-1",
            "tx": {
                "from": "address:donor1",
                "to": "sc:crowdfunding",
                "egldValue": "250,000,000,000",
                "function": "fund",
                "arguments": [],
                "gasLimit": "100,000,000",
                "gasPrice": "0"
            },
            "expect": {
                "out": [],
                "status": "",
                "gas": "*",
                "refund": "*"
            }
        },
        {
            "step": "checkState",
            "accounts": {
                "address:my_address": {
                    "nonce": "1",
                    "balance": "1,000,000",
                    "storage": {}
                },
                "address:donor1": {
                    "nonce": "1",
                    "balance": "150,000,000,000",
                    "storage": {}
                },
                "sc:crowdfunding": {
                    "nonce": "0",
                    "balance": "250,000,000,000",
                    "storage": {
                        "str:target": "500,000,000,000",
                        "str:deadline": "123,000",
                        "str:tokenIdentifier": "str:EGLD",
                        "str:deposit|address:donor1": "250,000,000,000"
                    },
                    "code": "mxsc:../output/crowdfunding-esdt.mxsc.json"
                }
            }
        }
    ]
}
