[{"address":"erd1wh9c0sjr2xn8hzf02lwwcr4jk2s84tat9ud2kaq6zr7xzpvl9l5q8awmex","balance":"1000000000000000000"},{"address":"erd1sp0aaszznqnuvyvkmxkv2ultcvlf637c093sfc26dszks60jdqsqy2knqu","balance":"1000000000000000000"},{"address":"erd10ntkzq95zjgeh2n22fx002lxrx68z2eaqmsgmf40mxffrpydw4tsqfzy7m","balance":"1000000000000000000"},{"address":"erd1yw97h68jdtmag85amdsr8z9hghmxf5u949sc5dd874az7k7h27vq2nf0fp","balance":"1000000000000000000"},{"address":"erd1eudnm27lcq8h9wptsqu9spz7ekrjlgp8k9xr3cv9anv0qpuxy7ns5p7p5a","balance":"1000000000000000000"},{"address":"erd1jnzkd0enae5up8meer4yf2a0z9nq22zrjx699nzjpnaa56ezktcqud5aat","balance":"1000000000000000000"},{"address":"erd1e4lqqg0urttr30hme30q6rcg0x95nqhe5lfy05vy5rjh90maqyzsuj5jm8","balance":"1000000000000000000"},{"address":"erd1czgky3rcqggezg6zan5k2c9sfnwlh644jc26t6vud256ack9xaaqvhqddm","balance":"1000000000000000000"},{"address":"erd1z4cf4kw72ajkkdahdprp2e42fzldnkljngtvzxfxn26myyxw7nfq4rmvjm","balance":"1000000000000000000"},{"address":"erd172q5fyrrq20n46mleal08ejm4faxdhgx9rhywkn7mlpvwc6qg2cqaqql6j","balance":"1000000000000000000"},{"address":"erd10srp988sprhgcv9hka03desthnargm5awxfld0ya2gpsndjq4ucs0vhd0d","balance":"1000000000000000000"},{"address":"erd1z4p43mvzjmsjq7s3r4r4g29mshqmfpv77834gpk4rzdr325s6vdq2lfhpa","balance":"1000000000000000000"},{"address":"erd1c579aq6kjkhar6cyx8qm9k9wettxjcf3jncduwe0pllqx0rlczfskg3vk2","balance":"1000000000000000000"},{"address":"erd1g4076q3wnz2t7cxgsyqnd6cka37q8ammkdhk39g0t2vf3fdt5ndscfkr5x","balance":"1000000000000000000"},{"address":"erd1hrzara6lf6zajzkxltdmahtaxkt42wg6es9mgc4f47suf2h7vj0s9nrsxz","balance":"1000000000000000000"},{"address":"erd1kwsnme03nxm5p3ae0ps0rn788wlyc0vcxckl6nupafxr0d72y02sakmvzn","balance":"1000000000000000000"},{"address":"erd1t59wkg90um4egs2ajf7pset7zmpwj0u53uqz3jfc8mmtllmqtgksj9m8cr","balance":"1000000000000000000"},{"address":"erd1x8q7efzk524l7mrg5ttnlcg79mck726p7xms72jvtp4usy9e5ynqlj7a9a","balance":"1000000000000000000"}, {"address":"erd1dgszeyl2p7qwr6pjfxauwkl4mjragjnwznht6ulcuwqkr5yzm2asejmjag","balance":"1000000000000000000"}, {"address":"erd172q5fyrrq20n46mleal08ejm4faxdhgx9rhywkn7mlpvwc6qg2cqaqql6j","balance":"1000000000000000000"},{"address":"erd1sqgrvjpu06mm3pjk8dm588cj20naanenxrjcq7yx4drt32yv5u2sl9upue","balance":"1000000000000000000"},{"address":"erd1gv9gechryew55xad6d288yp8s9aket3wrx3p39s866cgv6janjds60yj2k","balance":"1000000000000000000"},{"address":"erd1rs4n264gcmej0e90rfxhqqch4jg8rpalam80q5mf70y6uxdck99qkp0t6a","balance":"1000000000000000000"},{"address":"erd1g9xr8wca0f0jjkwpuw774laj692s46mvg88lxq4zz2ttr508gz4qceef2n","balance":"1000000000000000000"},{"address":"erd12c38amhgtlet3p7ju93njrtepegk35fhfvvjz99cn8xanuppvf5spy9l7n","balance":"1000000000000000000"},{"address":"erd1a2xjh8df55kjvuzlkqzt3lhgt95keuljn8uku059j8enfvzdepzsl7ux8g","balance":"1000000000000000000"},{"address":"erd1ns86736q4a564cpnw54e5qhgnu4cjmtrhwmu9jyswplnvr049lyqm3az44","balance":"1000000000000000000"},{"address":"erd14dh4k0nn4yqee4wu68cnt2zq2x43dz3ppufj2ccv6qj6lte5nq2qf4qlt7","balance":"1000000000000000000"},{"address":"erd1a75d77z8zev8v72vnr598408fycsl2ljzat5ujqs8x5cj7wxppgsn9k0kv","balance":"1000000000000000000"},{"address":"erd1mvde2c6dx38khffyfa6ep682n9tc7mkx2mafq52c3kjyetvhfgssfspw69","balance":"1000000000000000000"}, {"address":"erd1q2r4e255ccrjlvza05dshvlshqk4ry4cutdjcxhu6rny9t507qtq72acus","balance":"1000000000000000000"}, {"address":"erd1d55umknlxm4zmn3dmlxd8pj0xmq52cry7vvutvg3vksvy4fmy09qzhkgke","balance":"1000000000000000000"}, {"address":"erd14wxx9p9kld06w66n6lcxcchv976n7crzma8w7s3tkaqcme8hr7fqdhhfdg","balance":"2000000000000000000"},{"address":"erd1dgcg5v2rmdelmgxce22r522pcr678pt98pet7np7q8vrqjd43lwqpkd2rv","balance":"3000000000000000000"},{"address":"erd19nweygep2an93ude0agw23xlqzlm899xnwes5z9kwfv5rw9jyrmq6ykac9","balance":"4000000000000000000"},{"address":"erd17znmk8j22z45dfv8c0jeqr9g74x9lq5a2c02v6zu89m565cwue9skt44g2","balance":"5000000000000000000"},{"address":"erd1f2z58x9g8d98fe0s5t47zgjhzw8ctkuzun2sm5p82jh98dr36vlq5k6u5r","balance":"6000000000000000000"},{"address":"erd173c9hjw4d4lg07me6hw77s90ypw4lkdrfes9zt0l7jsc4kv796cse5ca0g","balance":"7000000000000000000"},{"address":"erd1399t06t8gmjuvnkz9ylf5fy56gx3xwwp7mvacmnppl5kk48mkvcqkgr675","balance":"8000000000000000000"},{"address":"erd1276m409r9srqt40hfpjj2xxwz7guzudakar7xzvd7n0qptspydsqutquca","balance":"9000000000000000000"},{"address":"erd1jtlcvugqyt773lvcda84jgr86ngadfvzs22dzujvzyk9zrd8zc2q8lfsmg","balance":"10000000000000000000"},{"address":"erd1cwhzs27jvvfjzzh4k0ufqrt9clm8d200s9qwlu2mg5s8s8wajk0sw704q7","balance":"11000000000000000000"},{"address":"erd15uejk73mrx489rqxh2qmtj5ykt6k4ux7938z8plyjsr6em6v9pzqklw5z7","balance":"12000000000000000000"},{"address":"erd1gxlnfqrmnzyds8rmthpnymmfezy5l0vzr2lywq8kdrfv5tukkx7sk46klq","balance":"13000000000000000000"}]
