{
    "name": "second bidder max",
    "gasSchedule": "dummy",
    "steps": [
        {
            "step": "externalSteps",
            "path": "bid_first.scen.json"
        },
        {
            "step": "setState",
            "accounts": {
                "address:bidder2": {
                    "nonce": "0",
                    "balance": "1,000,000"
                }
            }
        },
        {
            "step": "scCall",
            "id": "tx-second-bid-max",
            "tx": {
                "from": "address:bidder2",
                "to": "sc:kitty_auction_contract",
                "egldValue": "500",
                "function": "bid",
                "arguments": [
                    "1"
                ],
                "gasLimit": "100,000,000",
                "gasPrice": "0"
            },
            "expect": {
                "out": [],
                "status": "0",
                "message": "",
                "gas": "*",
                "refund": "*"
            }
        },
        {
            "step": "checkState",
            "accounts": {
                "address:my_address": {
                    "nonce": "4",
                    "balance": "1,000,000",
                    "storage": {}
                },
                "address:bidder1": {
                    "nonce": "1",
                    "balance": "1,000,000",
                    "storage": {}
                },
                "address:bidder2": {
                    "nonce": "1",
                    "balance": "999,500",
                    "storage": {}
                },
                "sc:kitty_ownership_contract": {
                    "nonce": "0",
                    "balance": "0",
                    "storage": {
                        "str:kittyAuctionContractAddress": "sc:kitty_auction_contract",
                        "str:totalKitties": "2",
                        "str:kitty|u32:0": "u8:0|u8:0|u8:0|u8:0|u8:0|u8:0|u8:0|u64:0|u64:0|u32:0|u32:0|u32:0|u16:0|u16:0",
                        "str:kitty|u32:1": "u8:1|u8:2|u8:3|u8:4|u8:5|u8:6|u8:7|u64:123456|u64:0|u32:0|u32:0|u32:0|u16:0|u16:0",
                        "str:nrOwnedKitties|sc:kitty_auction_contract": "1",
                        "str:owner|u32:1": "sc:kitty_auction_contract"
                    },
                    "code": "mxsc:../../kitty-ownership/output/kitty-ownership.mxsc.json"
                },
                "sc:kitty_auction_contract": {
                    "nonce": "0",
                    "balance": "500",
                    "storage": {
                        "str:kittyOwnershipContractAddress": "sc:kitty_ownership_contract",
                        "str:genZeroKittyStartingPrice": "100",
                        "str:genZeroKittyEndingPrice": "500",
                        "str:genZeroKittyAuctionDuration": "100,000",
                        "str:auction|u32:1": "u8:0|u32:1|u8:100|u32:2|u16:500|u64:223456|sc:kitty_auction_contract|u32:2|u16:500|address:bidder2"
                    },
                    "code": "mxsc:../output/kitty-auction.mxsc.json"
                }
            }
        }
    ]
}
