{
    "name": "user1 creates another tx, but it's too late to enter the current batch",
    "steps": [
        {
            "step": "externalSteps",
            "path": "create_another_tx_ok.scen.json"
        },
        {
            "step": "setState",
            "currentBlockInfo": {
                "blockNonce": "101"
            },
            "accounts": {
                "address:user2": {
                    "nonce": "0",
                    "balance": "0",
                    "esdt": {
                        "str:BRIDGE-123456": "2,000,000"
                    },
                    "storage": {}
                }
            }
        },
        {
            "step": "scQuery",
            "txId": "get-batch-status-final",
            "tx": {
                "to": "sc:esdt_safe",
                "function": "getBatchStatus",
                "arguments": [
                    "1"
                ]
            },
            "expect": {
                "out": [
                    {
                        "1-enum-variant": "u8:4"
                    }
                ]
            }
        },
        {
            "step": "scCall",
            "txId": "user2-create-transaction-too-late-for-batch",
            "tx": {
                "from": "address:user2",
                "to": "sc:esdt_safe",
                "esdtValue": [
                    {
                        "tokenIdentifier": "str:BRIDGE-123456",
                        "value": "1,500,100"
                    }
                ],
                "function": "createTransaction",
                "arguments": [
                    "0x0102030405060708091011121314151617181920"
                ],
                "gasLimit": "50,000,000",
                "gasPrice": "0"
            },
            "expect": {
                "status": "0",
                "out": [],
                "message": "",
                "gas": "*",
                "refund": "*"
            }
        },
        {
            "step": "checkState",
            "accounts": {
                "address:user2": {
                    "nonce": "*",
                    "balance": "0",
                    "esdt": {
                        "str:BRIDGE-123456": "499,900"
                    },
                    "storage": {}
                },
                "sc:esdt_safe": {
                    "nonce": "0",
                    "balance": "0",
                    "esdt": {
                        "str:BRIDGE-123456": {
                            "balance": "4,501,400",
                            "roles": [
                                "ESDTRoleLocalBurn",
                                "ESDTRoleLocalMint"
                            ]
                        }
                    },
                    "storage": {
                        "str:pendingBatches|u64:1|str:.item|u32:1": {
                            "1-block_nonce": "u64:0",
                            "2-nonce": "u64:1",
                            "3-from": "u32:32|address:user1",
                            "4-to": "u32:20|0x0102030405060708091011121314151617181920",
                            "5-token_identifier": "nested:str:BRIDGE-123456",
                            "6-amount": "biguint:400",
                            "7-is_refund_tx": "u8:0"
                        },
                        "str:pendingBatches|u64:1|str:.item|u32:2": {
                            "1-block_nonce": "u64:0",
                            "2-nonce": "u64:2",
                            "3-from": "u32:32|address:user2",
                            "4-to": "u32:20|0x0102030405060708091011121314151617181920",
                            "5-token_identifier": "nested:str:BRIDGE-123456",
                            "6-amount": "biguint:900",
                            "7-is_refund_tx": "u8:0"
                        },
                        "str:pendingBatches|u64:2|str:.item|u32:1": {
                            "1-block_nonce": "u64:101",
                            "2-nonce": "u64:3",
                            "3-from": "u32:32|address:user2",
                            "4-to": "u32:20|0x0102030405060708091011121314151617181920",
                            "5-token_identifier": "nested:str:BRIDGE-123456",
                            "6-amount": "biguint:100",
                            "7-is_refund_tx": "u8:0"
                        },
                        "str:firstBatchId": "1",
                        "str:lastBatchId": "2",
                        "str:accumulatedTransactionFees|nested:str:BRIDGE-123456": "4,500,000",
                        "+": ""
                    },
                    "code": "file:../output/esdt-safe.wasm"
                },
                "+": {}
            }
        },
        {
            "step": "scQuery",
            "txId": "query-first-batch-id",
            "tx": {
                "to": "sc:esdt_safe",
                "function": "getFirstBatchId",
                "arguments": []
            },
            "expect": {
                "out": [
                    "1"
                ]
            }
        },
        {
            "step": "scQuery",
            "txId": "query-last-batch-id",
            "tx": {
                "to": "sc:esdt_safe",
                "function": "getLastBatchId",
                "arguments": []
            },
            "expect": {
                "out": [
                    "2"
                ]
            }
        },
        {
            "step": "setState",
            "currentBlockInfo": {
                "blockNonce": "500"
            },
            "accounts": {
                "address:user3": {
                    "nonce": "0",
                    "balance": "0",
                    "esdt": {
                        "str:BRIDGE-123456": "2,000,000"
                    },
                    "storage": {}
                }
            }
        },
        {
            "step": "scCall",
            "txId": "add another tx, too late, but still added to current last batch",
            "tx": {
                "from": "address:user3",
                "to": "sc:esdt_safe",
                "esdtValue": [
                    {
                        "tokenIdentifier": "str:BRIDGE-123456",
                        "value": "1,500,100"
                    }
                ],
                "function": "createTransaction",
                "arguments": [
                    "0x0102030405060708091011121314151617181920"
                ],
                "gasLimit": "50,000,000",
                "gasPrice": "0"
            },
            "expect": {
                "status": "0",
                "out": [],
                "message": "",
                "gas": "*",
                "refund": "*"
            }
        },
        {
            "step": "checkState",
            "accounts": {
                "address:user2": {
                    "nonce": "*",
                    "balance": "0",
                    "esdt": {
                        "str:BRIDGE-123456": "499,900"
                    },
                    "storage": {}
                },
                "sc:esdt_safe": {
                    "nonce": "0",
                    "balance": "0",
                    "esdt": {
                        "str:BRIDGE-123456": {
                            "balance": "6,001,500",
                            "roles": [
                                "ESDTRoleLocalBurn",
                                "ESDTRoleLocalMint"
                            ]
                        }
                    },
                    "storage": {
                        "str:pendingBatches|u64:1|str:.item|u32:1": {
                            "1-block_nonce": "u64:0",
                            "2-nonce": "u64:1",
                            "3-from": "u32:32|address:user1",
                            "4-to": "u32:20|0x0102030405060708091011121314151617181920",
                            "5-token_identifier": "nested:str:BRIDGE-123456",
                            "6-amount": "biguint:400",
                            "7-is_refund_tx": "u8:0"
                        },
                        "str:pendingBatches|u64:1|str:.item|u32:2": {
                            "1-block_nonce": "u64:0",
                            "2-nonce": "u64:2",
                            "3-from": "u32:32|address:user2",
                            "4-to": "u32:20|0x0102030405060708091011121314151617181920",
                            "5-token_identifier": "nested:str:BRIDGE-123456",
                            "6-amount": "biguint:900",
                            "7-is_refund_tx": "u8:0"
                        },
                        "str:pendingBatches|u64:2|str:.item|u32:1": {
                            "1-block_nonce": "u64:101",
                            "2-nonce": "u64:3",
                            "3-from": "u32:32|address:user2",
                            "4-to": "u32:20|0x0102030405060708091011121314151617181920",
                            "5-token_identifier": "nested:str:BRIDGE-123456",
                            "6-amount": "biguint:100",
                            "7-is_refund_tx": "u8:0"
                        },
                        "str:pendingBatches|u64:2|str:.item|u32:2": {
                            "1-block_nonce": "u64:500",
                            "2-nonce": "u64:4",
                            "3-from": "u32:32|address:user3",
                            "4-to": "u32:20|0x0102030405060708091011121314151617181920",
                            "5-token_identifier": "nested:str:BRIDGE-123456",
                            "6-amount": "biguint:100",
                            "7-is_refund_tx": "u8:0"
                        },
                        "str:firstBatchId": "1",
                        "str:lastBatchId": "2",
                        "str:accumulatedTransactionFees|nested:str:BRIDGE-123456": "6,000,000",
                        "+": ""
                    },
                    "code": "file:../output/esdt-safe.wasm"
                },
                "+": {}
            }
        },
        {
            "step": "scQuery",
            "txId": "query-is-batch-2-final",
            "tx": {
                "to": "sc:esdt_safe",
                "function": "getBatchStatus",
                "arguments": [
                    "2"
                ]
            },
            "expect": {
                "out": [
                    {
                        "1-enum_identifier": "u8:2",
                        "2-end_block_nonce": "u64:201",
                        "3-vec_len": "u32:2",
                        "4-first_tx_nonce": "u64:3",
                        "5-second_tx_nonce": "u64:4"
                    }
                ]
            }
        }
    ]
}