{
    "name": "create transaction ok",
    "steps": [
        {
            "step": "externalSteps",
            "path": "setup_accounts.scen.json"
        },
        {
            "step": "scCall",
            "txId": "create-transaction-ok",
            "tx": {
                "from": "address:owner",
                "to": "sc:esdt_safe",
                "function": "setMaxBridgedAmount",
                "arguments": [
                    "str:BRIDGE-123456",
                    "1,600,000"
                ],
                "gasLimit": "60,000,000",
                "gasPrice": "0"
            },
            "expect": {
                "status": "0",
                "out": [],
                "message": "",
                "gas": "*",
                "refund": "*"
            }
        },
        {
            "step": "scCall",
            "txId": "create-transaction-over-max",
            "tx": {
                "from": "address:user1",
                "to": "sc:esdt_safe",
                "esdtValue": [
                    {
                        "tokenIdentifier": "str:BRIDGE-123456",
                        "value": "1,800,000"
                    }
                ],
                "function": "createTransaction",
                "arguments": [
                    "0x0102030405060708091011121314151617181920"
                ],
                "gasLimit": "60,000,000",
                "gasPrice": "0"
            },
            "expect": {
                "status": "4",
                "message": "str:Deposit over max amount",
                "gas": "*",
                "refund": "*"
            }
        },
        {
            "step": "scCall",
            "txId": "create-transaction-ok",
            "tx": {
                "from": "address:user1",
                "to": "sc:esdt_safe",
                "esdtValue": [
                    {
                        "tokenIdentifier": "str:BRIDGE-123456",
                        "value": "1,600,000"
                    }
                ],
                "function": "createTransaction",
                "arguments": [
                    "0x0102030405060708091011121314151617181920"
                ],
                "gasLimit": "60,000,000",
                "gasPrice": "0"
            },
            "expect": {
                "status": "0",
                "out": [],
                "message": "",
                "gas": "*",
                "refund": "*"
            }
        }
    ]
}