{
    "name": "execute batch transactions, both rejected",
    "steps": [
        {
            "step": "externalSteps",
            "path": "get_next_tx_batch.scen.json"
        },
        {
            "step": "scCall",
            "txId": "set-tx-status-both-rejected",
            "tx": {
                "from": "address:owner",
                "to": "sc:esdt_safe",
                "value": "0",
                "function": "setTransactionBatchStatus",
                "arguments": [
                    "1",
                    "4",
                    "4"
                ],
                "gasLimit": "50,000,000",
                "gasPrice": "0"
            },
            "expect": {
                "status": "0",
                "message": "",
                "gas": "*",
                "refund": "*"
            }
        },
        {
            "step": "scCall",
            "txId": "user1-claim-refund",
            "tx": {
                "from": "address:user1",
                "to": "sc:esdt_safe",
                "value": "0",
                "function": "claimRefund",
                "arguments": [
                    "str:BRIDGE-123456"
                ],
                "gasLimit": "50,000,000",
                "gasPrice": "0"
            },
            "expect": {
                "status": "0",
                "message": "",
                "out": "*",
                "gas": "*",
                "refund": "*"
            }
        },
        {
            "step": "scCall",
            "txId": "user2-claim-refund",
            "tx": {
                "from": "address:user2",
                "to": "sc:esdt_safe",
                "value": "0",
                "function": "claimRefund",
                "arguments": [
                    "str:BRIDGE-123456"
                ],
                "gasLimit": "50,000,000",
                "gasPrice": "0"
            },
            "expect": {
                "status": "0",
                "message": "",
                "out": "*",
                "gas": "*",
                "refund": "*"
            }
        },
        {
            "step": "checkState",
            "accounts": {
                "address:user1": {
                    "nonce": "*",
                    "balance": "0",
                    "esdt": {
                        "str:BRIDGE-123456": "500,000"
                    },
                    "storage": {}
                },
                "address:user2": {
                    "nonce": "*",
                    "balance": "0",
                    "esdt": {
                        "str:BRIDGE-123456": "500,000"
                    },
                    "storage": {}
                },
                "sc:esdt_safe": {
                    "nonce": "0",
                    "balance": "0",
                    "esdt": {
                        "str:BRIDGE-123456": {
                            "balance": "3,000,000",
                            "roles": [
                                "ESDTRoleLocalBurn",
                                "ESDTRoleLocalMint"
                            ]
                        }
                    },
                    "storage": {
                        "str:pendingBatches|u64:1": "",
                        "str:firstBatchId": "2",
                        "str:lastBatchId": "2",
                        "str:accumulatedTransactionFees|nested:str:BRIDGE-123456": "3,000,000",
                        "+": ""
                    },
                    "code": "file:../output/esdt-safe.wasm"
                },
                "+": {}
            }
        }
    ]
}
