{
    "name": "exit farm",
    "steps": [
        {
            "step": "externalSteps",
            "path": "enter_farm.scen.json"
        },
        {
            "step": "setState",
            "currentBlockInfo": {
                "blockEpoch": "4"
            }
        },
        {
            "step": "scCall",
            "txId": "unstake",
            "tx": {
                "from": "address:user1",
                "to": "sc:farm_contract",
                "esdtValue": [
                    {
                        "tokenIdentifier": "str:FARM-abcdef",
                        "nonce": "2",
                        "value": "100,000"
                    }
                ],
                "function": "exitFarm",
                "arguments": [],
                "gasLimit": "100,000,000",
                "gasPrice": "0"
            },
            "expect": {
                "out": [
                    {
                        "1-token_id": "nested:str:LPTOK-abcdef",
                        "2-nonce": "u64:0",
                        "3-amount": "biguint:100,000"
                    },
                    {
                        "1-token_id": "nested:str:WEGLD-abcdef",
                        "2-nonce": "u64:0",
                        "3-amount": "biguint:0"
                    }
                ],
                "status": "0",
                "message": "",
                "gas": "*",
                "refund": "*"
            }
        }
    ]
}
