{
    "name": "accept esdt payment",
    "steps": [
        {
            "step": "setState",
            "currentBlockInfo": {
                "blockNonce": "0"
            }
        },
        {
            "step": "setState",
            "accounts": {
                "address:alice": {
                    "nonce": "0",
                    "balance": "1,000,000,000,000",
                    "esdt": {
                        "str:LPTOK-abcdef": "1,000"
                    }
                },
                "address:bob": {
                    "nonce": "0",
                    "balance": "1,000,000,000,000",
                    "esdt": {
                        "str:LPTOK-abcdef": "1,000"
                    }
                },
                "sc:farm_contract": {
                    "nonce": "0",
                    "balance": "0",
                    "esdt": {
                        "str:FARM-abcdef": {
                            "roles": [
                                "ESDTRoleNFTCreate",
                                "ESDTRoleNFTAddQuantity",
                                "ESDTRoleNFTBurn"
                            ]
                        },
                        "str:LPTOK-abcdef": {
                            "roles": [
                                "ESDTRoleLocalBurn"
                            ]
                        },
                        "str:MEX-abcdef": {
                            "roles": [
                                "ESDTRoleLocalMint",
                                "ESDTRoleLocalBurn"
                            ]
                        }
                    },
                    "storage": {
                        "str:farming_token_id": "str:LPTOK-abcdef",
                        "str:farm_token_id": "str:FARM-abcdef",
                        "str:reward_token_id": "str:MEX-abcdef",
                        "str:state": "1",
                        "str:minimum_farming_epochs": "2",
                        "str:penalty_percent": "0",
                        "str:division_safety_constant": "1000000000000",
                        "str:per_block_reward_amount": "100",
                        "str:produce_rewards_enabled": "1"
                    },
                    "code": "file:../farm/output/farm.wasm",
                    "owner": "address:owner"
                }
            }
        },
        {
            "step": "setState",
            "currentBlockInfo": {
                "blockNonce": "1"
            }
        },
        {
            "step": "scCall",
            "txId": "alice-enters",
            "tx": {
                "from": "address:alice",
                "to": "sc:farm_contract",
                "esdtValue": [
                    {
                        "tokenIdentifier": "str:LPTOK-abcdef",
                        "value": "1,000"
                    }
                ],
                "function": "enterFarm",
                "arguments": [],
                "gasLimit": "100,000,000",
                "gasPrice": "0"
            },
            "expect": {
                "out": [
                    {
                        "1-token_id": "nested:str:FARM-abcdef",
                        "2-nonce": "u64:1",
                        "3-amount": "biguint:1,000"
                    },
                    {
                        "1-token_id": "nested:str:MEX-abcdef",
                        "2-nonce": "u64:0",
                        "3-amount": "biguint:0"
                    }
                ],
                "status": "0",
                "message": "",
                "gas": "*",
                "refund": "*"
            }
        },
        {
            "step": "setState",
            "currentBlockInfo": {
                "blockNonce": "2"
            }
        },
        {
            "step": "scCall",
            "txId": "bob-enters",
            "tx": {
                "from": "address:bob",
                "to": "sc:farm_contract",
                "esdtValue": [
                    {
                        "tokenIdentifier": "str:LPTOK-abcdef",
                        "value": "1,000"
                    }
                ],
                "function": "enterFarm",
                "arguments": [],
                "gasLimit": "100,000,000",
                "gasPrice": "0"
            },
            "expect": {
                "out": [
                    {
                        "1-token_id": "nested:str:FARM-abcdef",
                        "2-nonce": "u64:2",
                        "3-amount": "biguint:1,000"
                    },
                    {
                        "1-token_id": "nested:str:MEX-abcdef",
                        "2-nonce": "u64:0",
                        "3-amount": "biguint:0"
                    }
                ],
                "status": "0",
                "message": "",
                "gas": "*",
                "refund": "*"
            }
        },
        {
            "step": "setState",
            "currentBlockInfo": {
                "blockNonce": "9"
            }
        },
        {
            "step": "scCall",
            "txId": "alice-exits",
            "tx": {
                "from": "address:alice",
                "to": "sc:farm_contract",
                "esdtValue": [
                    {
                        "tokenIdentifier": "str:FARM-abcdef",
                        "nonce": "1",
                        "value": "1,000"
                    }
                ],
                "function": "exitFarm",
                "arguments": [],
                "gasLimit": "100,000,000",
                "gasPrice": "0"
            },
            "expect": {
                "out": [
                    {
                        "1-token_id": "nested:str:LPTOK-abcdef",
                        "2-nonce": "u64:0",
                        "3-amount": "biguint:1,000"
                    },
                    {
                        "1-token_id": "nested:str:MEX-abcdef",
                        "2-nonce": "u64:0",
                        "3-amount": "biguint:450"
                    }
                ],
                "status": "0",
                "message": "",
                "gas": "*",
                "refund": "*"
            }
        },
        {
            "step": "scCall",
            "txId": "bob-exits",
            "tx": {
                "from": "address:bob",
                "to": "sc:farm_contract",
                "esdtValue": [
                    {
                        "tokenIdentifier": "str:FARM-abcdef",
                        "nonce": "2",
                        "value": "1,000"
                    }
                ],
                "function": "exitFarm",
                "arguments": [],
                "gasLimit": "100,000,000",
                "gasPrice": "0"
            },
            "expect": {
                "out": [
                    {
                        "1-token_id": "nested:str:LPTOK-abcdef",
                        "2-nonce": "u64:0",
                        "3-amount": "biguint:1,000"
                    },
                    {
                        "1-token_id": "nested:str:MEX-abcdef",
                        "2-nonce": "u64:0",
                        "3-amount": "biguint:350"
                    }
                ],
                "status": "0",
                "message": "",
                "gas": "*",
                "refund": "*"
            }
        },
        {
            "step": "checkState",
            "accounts": {
                "address:alice": {
                    "nonce": "*",
                    "balance": "1,000,000,000,000",
                    "esdt": {
                        "str:LPTOK-abcdef": "1,000",
                        "str:MEX-abcdef": "450"
                    }
                },
                "address:bob": {
                    "nonce": "*",
                    "balance": "1,000,000,000,000",
                    "esdt": {
                        "str:LPTOK-abcdef": "1,000",
                        "str:MEX-abcdef": "350"
                    }
                },
                "+": ""
            }
        }
    ]
}
