{
    "buildInfo": {
        "rustc": {
            "version": "1.87.0",
            "commitHash": "17067e9ac6d7ecb70e50f92c1944e545188d2359",
            "commitDate": "2025-05-09",
            "channel": "Stable",
            "short": "rustc 1.87.0 (17067e9ac 2025-05-09)"
        },
        "contractCrate": {
            "name": "auction-mock",
            "version": "0.3.4"
        },
        "framework": {
            "name": "multiversx-sc",
            "version": "0.58.0"
        }
    },
    "name": "AuctionMock",
    "constructor": {
        "inputs": [],
        "outputs": []
    },
    "endpoints": [
        {
            "name": "stake",
            "mutability": "mutable",
            "payableInTokens": [
                "EGLD"
            ],
            "inputs": [
                {
                    "name": "num_nodes",
                    "type": "u32"
                },
                {
                    "name": "bls_keys_signatures",
                    "type": "variadic<multi<bytes,bytes>>",
                    "multi_arg": true
                }
            ],
            "outputs": [
                {
                    "type": "variadic<bytes>",
                    "multi_result": true
                }
            ]
        },
        {
            "name": "unStake",
            "mutability": "mutable",
            "inputs": [
                {
                    "name": "bls_keys",
                    "type": "variadic<bytes>",
                    "multi_arg": true
                }
            ],
            "outputs": [
                {
                    "type": "variadic<bytes>",
                    "multi_result": true
                }
            ]
        },
        {
            "name": "unStakeNodes",
            "mutability": "mutable",
            "inputs": [
                {
                    "name": "bls_keys",
                    "type": "variadic<bytes>",
                    "multi_arg": true
                }
            ],
            "outputs": [
                {
                    "type": "variadic<bytes>",
                    "multi_result": true
                }
            ]
        },
        {
            "name": "unBond",
            "mutability": "mutable",
            "inputs": [
                {
                    "name": "bls_keys",
                    "type": "variadic<bytes>",
                    "multi_arg": true
                }
            ],
            "outputs": [
                {
                    "type": "variadic<bytes>",
                    "multi_result": true
                }
            ]
        },
        {
            "name": "unBondNodes",
            "mutability": "mutable",
            "inputs": [
                {
                    "name": "bls_keys",
                    "type": "variadic<bytes>",
                    "multi_arg": true
                }
            ],
            "outputs": [
                {
                    "type": "variadic<bytes>",
                    "multi_result": true
                }
            ]
        },
        {
            "name": "unStakeTokens",
            "mutability": "mutable",
            "inputs": [
                {
                    "name": "_amount",
                    "type": "BigUint"
                }
            ],
            "outputs": []
        },
        {
            "name": "unBondTokens",
            "mutability": "mutable",
            "inputs": [
                {
                    "name": "amount",
                    "type": "BigUint"
                }
            ],
            "outputs": []
        },
        {
            "name": "claim",
            "mutability": "mutable",
            "inputs": [],
            "outputs": []
        },
        {
            "name": "unJail",
            "mutability": "mutable",
            "payableInTokens": [
                "EGLD"
            ],
            "inputs": [
                {
                    "name": "bls_keys",
                    "type": "variadic<BLSKey>",
                    "multi_arg": true
                }
            ],
            "outputs": []
        },
        {
            "name": "setBlsDeliberateError",
            "mutability": "mutable",
            "inputs": [
                {
                    "name": "bls_key",
                    "type": "bytes"
                },
                {
                    "name": "err_code",
                    "type": "u8"
                }
            ],
            "outputs": []
        },
        {
            "name": "getBlsDeliberateError",
            "mutability": "mutable",
            "inputs": [
                {
                    "name": "bls_key",
                    "type": "bytes"
                }
            ],
            "outputs": [
                {
                    "type": "u8"
                }
            ]
        }
    ],
    "esdtAttributes": [],
    "hasCallback": false,
    "types": {
        "BLSKey": {
            "type": "struct",
            "fields": [
                {
                    "name": "bytes",
                    "type": "array96<u8>"
                }
            ]
        }
    }
}
