{
    "name": "change service fee scenario",
    "gasSchedule": "v3",
    "steps": [
        {
            "step": "externalSteps",
            "path": "steps/init_accounts.steps.json"
        },
        {
            "step": "externalSteps",
            "path": "steps/deploy.steps.json"
        },
        {
            "step": "scCall",
            "txId": "-set-service-fee-bootstrap?-",
            "tx": {
                "from": "address:node_address",
                "to": "sc:delegation",
                "value": "0",
                "function": "isBootstrapMode",
                "arguments": [],
                "gasLimit": "100,000,000",
                "gasPrice": "0"
            },
            "expect": {
                "out": ["true"],
                "status": "",
                "logs": [],
                "gas": "*",
                "refund": "*"
            }
        },
        {
            "step": "scCall",
            "txId": "-set-service-fee-",
            "tx": {
                "from": "address:node_address",
                "to": "sc:delegation",
                "value": "0",
                "function": "setServiceFee",
                "arguments": [
                    "1000"
                ],
                "gasLimit": "1,000,000,000",
                "gasPrice": "0"
            },
            "expect": {
                "out": ["str:completed"],
                "status": "",
                "logs": [],
                "gas": "*",
                "refund": "*"
            }
        },
        {
            "step": "scCall",
            "txId": "-get-service-fee-",
            "tx": {
                "from": "address:node_address",
                "to": "sc:delegation",
                "value": "0",
                "function": "getServiceFee",
                "arguments": [],
                "gasLimit": "100,000,000",
                "gasPrice": "0"
            },
            "expect": {
                "out": ["1000"],
                "status": "",
                "logs": [],
                "gas": "*",
                "refund": "*"
            }
        },
        {
            "step": "externalSteps",
            "path": "steps/add_nodes.steps.json"
        }, 
        {
            "step": "externalSteps",
            "path": "steps/stake_1.steps.json"
        }, 
        {
            "step": "externalSteps",
            "path": "steps/increase_cap.steps.json"
        },
        {
            "step": "scCall",
            "txId": "-set-service-fee-bootstrap?-",
            "tx": {
                "from": "address:node_address",
                "to": "sc:delegation",
                "value": "0",
                "function": "isBootstrapMode",
                "arguments": [],
                "gasLimit": "100,000,000",
                "gasPrice": "0"
            },
            "expect": {
                "out": ["false"],
                "status": "",
                "logs": [],
                "gas": "*",
                "refund": "*"
            }
        },
        {
            "step": "scCall",
            "txId": "-set-service-fee-out-of-gas-",
            "tx": {
                "from": "address:node_address",
                "to": "sc:delegation",
                "value": "0",
                "function": "setServiceFee",
                "arguments": [
                    "2000"
                ],
                "gasLimit": "90,000,000",
                "gasPrice": "0"
            },
            "expect": {
                "out": ["str:interrupted"],
                "status": "",
                "logs": [],
                "gas": "*",
                "refund": "*"
            }
        },
        {
            "step": "scCall",
            "txId": "-get-service-fee-",
            "tx": {
                "from": "address:node_address",
                "to": "sc:delegation",
                "value": "0",
                "function": "getServiceFee",
                "arguments": [],
                "gasLimit": "100,000,000",
                "gasPrice": "0"
            },
            "expect": {
                "out": ["1000"],
                "status": "",
                "logs": [],
                "gas": "*",
                "refund": "*"
            }
        },
        {
            "step": "scCall",
            "txId": "continue",
            "tx": {
                "from": "address:node_address",
                "to": "sc:delegation",
                "value": "0",
                "function": "continueGlobalOperation",
                "arguments": [],
                "gasLimit": "1,000,000,000",
                "gasPrice": "0"
            },
            "expect": {
                "out": ["str:completed"],
                "status": "",
                "logs": [],
                "gas": "*",
                "refund": "*"
            }
        },
        {
            "step": "scCall",
            "txId": "-get-service-fee-",
            "tx": {
                "from": "address:node_address",
                "to": "sc:delegation",
                "value": "0",
                "function": "getServiceFee",
                "arguments": [],
                "gasLimit": "100,000,000",
                "gasPrice": "0"
            },
            "expect": {
                "out": ["2000"],
                "status": "",
                "logs": [],
                "gas": "*",
                "refund": "*"
            }
        },
        {
            "step": "scCall",
            "txId": "-set-service-fee-same-value-",
            "tx": {
                "from": "address:node_address",
                "to": "sc:delegation",
                "value": "0",
                "function": "setServiceFee",
                "arguments": [
                    "2000"
                ],
                "gasLimit": "90,000,000",
                "gasPrice": "0"
            },
            "expect": {
                "out": ["str:completed"],
                "status": "",
                "logs": [],
                "gas": "*",
                "refund": "*"
            }
        },
        {
            "step": "scCall",
            "txId": "-get-service-fee-",
            "tx": {
                "from": "address:node_address",
                "to": "sc:delegation",
                "value": "0",
                "function": "getServiceFee",
                "arguments": [],
                "gasLimit": "100,000,000",
                "gasPrice": "0"
            },
            "expect": {
                "out": ["2000"],
                "status": "",
                "logs": [],
                "gas": "*",
                "refund": "*"
            }
        }
    ]
}
