{
    "name": "give birth",
    "gasSchedule": "dummy",
    "steps": [
        {
            "step": "externalSteps",
            "path": "breed_ok.scen.json"
        },
        {
            "step": "setState",
            "currentBlockInfo": {
                "blockTimestamp": "150,000",
                "blockRandomSeed": "u8:189|u8:185|u64:0|u64:0|u64:0|u64:0|u64:0|u32:0|u16:0"
            }
        },
        {
            "step": "scCall",
            "id": "tx-give-birth",
            "tx": {
                "from": "address:acc3",
                "to": "sc:kitty_ownership_contract",
                "function": "giveBirth",
                "arguments": [
                    "2"
                ],
                "gasLimit": "100,000,000",
                "gasPrice": "0"
            },
            "expect": {
                "out": [
                    "u8:127|u8:127|u8:127|u8:127|u8:127|u8:127|u8:127"
                ],
                "status": "0",
                "message": "",
                "logs": "*",
                "gas": "*",
                "refund": "*"
            }
        },
        {
            "step": "checkState",
            "accounts": {
                "address:acc1": {
                    "nonce": "1",
                    "balance": "1,000,000",
                    "storage": {}
                },
                "address:acc2": {
                    "nonce": "1",
                    "balance": "999,990",
                    "storage": {}
                },
                "address:acc3": {
                    "nonce": "1",
                    "balance": "1,000,010",
                    "storage": {}
                },
                "address:my_address": {
                    "nonce": "2",
                    "balance": "1,000,000",
                    "storage": {}
                },
                "sc:kitty_ownership_contract": {
                    "nonce": "0",
                    "balance": "0",
                    "storage": {
                        "str:geneScienceContractAddress": "sc:kitty_genetic_alg",
                        "str:kittyAuctionContractAddress": "sc:kitty_auction_contract",
                        "str:birthFee": "10",
                        "str:totalKitties": "4",
                        "str:kitty|u32:0": "u8:0|u8:0|u8:0|u8:0|u8:0|u8:0|u8:0|u64:0|u64:0|u32:0|u32:0|u32:0|u16:0|u16:0",
                        "str:kitty|u32:1": "u8:0|u8:0|u8:0|u8:0|u8:0|u8:0|u8:0|u64:0|u64:100,060|u32:0|u32:0|u32:0|u16:1|u16:0",
                        "str:kitty|u32:2": "u8:255|u8:255|u8:255|u8:255|u8:255|u8:255|u8:255|u64:0|u64:100,060|u32:0|u32:0|u32:0|u16:1|u16:0",
                        "str:kitty|u32:3": "u8:127|u8:127|u8:127|u8:127|u8:127|u8:127|u8:127|u64:150,000|u64:0|u32:2|u32:1|u32:0|u16:0|u16:1",
                        "str:owner|u32:1": "address:acc1",
                        "str:owner|u32:2": "address:acc2",
                        "str:owner|u32:3": "address:acc2",
                        "str:nrOwnedKitties|address:acc1": "1",
                        "str:nrOwnedKitties|address:acc2": "2"
                    },
                    "code": "mxsc:../output/kitty-ownership.mxsc.json"
                },
                "+": ""
            }
        }
    ]
}
