{
    "name": "batch transfer both failed, trying to send to smart contract",
    "steps": [
        {
            "step": "externalSteps",
            "path": "setup_accounts.scen.json"
        },
        {
            "step": "scCall",
            "txId": "batch-transfer-both-failed",
            "tx": {
                "from": "address:owner",
                "to": "sc:multi_transfer_esdt",
                "value": "0",
                "function": "batchTransferEsdtToken",
                "arguments": [
                    "1",
                    "0x0102030405060708091011121314151617181920|sc:multi_transfer_esdt|nested:str:BRIDGE-123456|biguint:100,200|u64:1|nested:str:add|u64:10,000,000|u32:0x1|nested:u8:5",
                    "0x0102030405060708091011121314151617181920|sc:multi_transfer_esdt|nested:str:WRAPPED-123456|biguint:100,500|u64:2|nested:str:add|u64:10,000,000|u32:0x1|nested:u8:5"
                ],
                "gasLimit": "50,000,000",
                "gasPrice": "0"
            },
            "expect": {
                "status": "0",
                "message": "",
                "out": [],
                "gas": "*",
                "refund": "*"
            }
        },
        {
            "step": "scQuery",
            "txId": "get-current-refund-tx-batch",
            "tx": {
                "to": "sc:multi_transfer_esdt",
                "function": "getFirstBatchAnyStatus",
                "arguments": []
            },
            "expect": {
                "out": []
            }
        },
        {
            "step": "scCall",
            "txId": "clear-refund-batch",
            "tx": {
                "from": "address:owner",
                "to": "sc:multi_transfer_esdt",
                "value": "0",
                "function": "moveRefundBatchToSafe",
                "arguments": [],
                "gasLimit": "50,000,000",
                "gasPrice": "0"
            },
            "expect": {
                "status": "0",
                "message": "",
                "out": [],
                "gas": "*",
                "refund": "*"
            }
        },
        {
            "step": "scQuery",
            "txId": "get-current-refund-tx-batch-after-clear",
            "tx": {
                "to": "sc:multi_transfer_esdt",
                "function": "getFirstBatchAnyStatus",
                "arguments": []
            },
            "expect": {
                "out": []
            }
        }
    ]
}
