{
    "name": "batch transfer both executed",
    "steps": [
        {
            "step": "externalSteps",
            "path": "setup_accounts.scen.json"
        },
        {
            "step": "scCall",
            "txId": "batch-transfer-both-executed",
            "tx": {
                "from": "address:owner",
                "to": "sc:multi_transfer_esdt",
                "value": "0",
                "function": "batchTransferEsdtToken",
                "arguments": [
                    "1",
                    {
                        "1-from": "0x0102030405060708091011121314151617181920",
                        "2-to": "address:user1",
                        "3-token_id": "nested:str:BRIDGE-123456",
                        "4-amount": "biguint:100,200",
                        "5-tx_nonce": "u64:1",
                        "6-call_data": "nested:str:add|u64:10,000,000|u32:0x1|nested:u8:5"
                    },
                    {
                        "1-from": "0x0102030405060708091011121314151617181920",
                        "2-to": "address:user2",
                        "3-token_id": "nested:str:WRAPPED-123456",
                        "4-amount": "biguint:500",
                        "5-tx_nonce": "u64:2",
                        "6-call_data": "nested:str:add|u64:10,000,000|u32:0x1|nested:u8:5"
                    }
                ],
                "gasLimit": "50,000,000",
                "gasPrice": "0"
            },
            "expect": {
                "status": "0",
                "message": "",
                "out": [],
                "gas": "*",
                "refund": "*"
            }
        },
        {
            "step": "checkState",
            "accounts": {
                "address:user1": {
                    "nonce": "0",
                    "balance": "0",
                    "esdt": {
                        "str:BRIDGE-123456": "100,200"
                    },
                    "storage": {}
                },
                "address:user2": {
                    "nonce": "0",
                    "balance": "0",
                    "esdt": {
                        "str:WRAPPED-123456": "500"
                    },
                    "storage": {}
                },
                "+": {}
            }
        }
    ]
}
