{
    "name": "two transfers, same token, both executed",
    "steps": [
        {
            "step": "externalSteps",
            "path": "setup_accounts.scen.json"
        },
        {
            "step": "scCall",
            "txId": "batch-transfer-both-executed",
            "tx": {
                "from": "address:owner",
                "to": "sc:multi_transfer_esdt",
                "value": "0",
                "function": "batchTransferEsdtToken",
                "arguments": [
                    "1",
                    "0x0102030405060708091011121314151617181920|address:user1|nested:str:BRIDGE-123456|biguint:100,200|u64:1|nested:str:add|u64:10,000,000|u32:0x1|nested:u8:5",
                    "0x0102030405060708091011121314151617181920|address:user1|nested:str:BRIDGE-123456|biguint:100,200|u64:2|nested:str:add|u64:10,000,000|u32:0x1|nested:u8:5"
                ],
                "gasLimit": "50,000,000",
                "gasPrice": "0"
            },
            "expect": {
                "status": "0",
                "message": "",
                "out": [],
                "gas": "*",
                "refund": "*"
            }
        },
        {
            "step": "checkState",
            "accounts": {
                "address:user1": {
                    "nonce": "0",
                    "balance": "0",
                    "esdt": {
                        "str:BRIDGE-123456": "200,400"
                    },
                    "storage": {}
                },
                "+": {}
            }
        }
    ]
}
