{
    "buildInfo": {
        "rustc": {
            "version": "1.60.0-nightly",
            "commitHash": "a00e130dae74a213338e2b095ec855156d8f3d8a",
            "commitDate": "2022-01-29",
            "channel": "Nightly",
            "short": "rustc 1.60.0-nightly (a00e130da 2022-01-29)"
        },
        "contractCrate": {
            "name": "farm_with_lock",
            "version": "0.0.0"
        },
        "framework": {
            "name": "elrond-wasm",
            "version": "0.27.4"
        }
    },
    "name": "Farm",
    "constructor": {
        "inputs": [
            {
                "name": "reward_token_id",
                "type": "TokenIdentifier"
            },
            {
                "name": "farming_token_id",
                "type": "TokenIdentifier"
            },
            {
                "name": "locked_asset_factory_address",
                "type": "Address"
            },
            {
                "name": "division_safety_constant",
                "type": "BigUint"
            },
            {
                "name": "pair_contract_address",
                "type": "Address"
            }
        ],
        "outputs": []
    },
    "endpoints": [
        {
            "name": "enterFarm",
            "mutability": "mutable",
            "payableInTokens": [
                "*"
            ],
            "inputs": [
                {
                    "name": "opt_accept_funds_func",
                    "type": "optional<bytes>",
                    "multi_arg": true
                }
            ],
            "outputs": [
                {
                    "type": "EsdtTokenPayment"
                }
            ]
        },
        {
            "name": "exitFarm",
            "mutability": "mutable",
            "payableInTokens": [
                "*"
            ],
            "inputs": [
                {
                    "name": "opt_accept_funds_func",
                    "type": "optional<bytes>",
                    "multi_arg": true
                }
            ],
            "outputs": [
                {
                    "type": "EsdtTokenPayment"
                },
                {
                    "type": "EsdtTokenPayment"
                }
            ]
        },
        {
            "name": "claimRewards",
            "mutability": "mutable",
            "payableInTokens": [
                "*"
            ],
            "inputs": [
                {
                    "name": "opt_accept_funds_func",
                    "type": "optional<bytes>",
                    "multi_arg": true
                }
            ],
            "outputs": [
                {
                    "type": "EsdtTokenPayment"
                },
                {
                    "type": "EsdtTokenPayment"
                }
            ]
        },
        {
            "name": "compoundRewards",
            "mutability": "mutable",
            "payableInTokens": [
                "*"
            ],
            "inputs": [
                {
                    "name": "opt_accept_funds_func",
                    "type": "optional<bytes>",
                    "multi_arg": true
                }
            ],
            "outputs": [
                {
                    "type": "EsdtTokenPayment"
                }
            ]
        },
        {
            "name": "calculateRewardsForGivenPosition",
            "mutability": "readonly",
            "inputs": [
                {
                    "name": "amount",
                    "type": "BigUint"
                },
                {
                    "name": "attributes",
                    "type": "FarmTokenAttributes"
                }
            ],
            "outputs": [
                {
                    "type": "BigUint"
                }
            ]
        },
        {
            "name": "end_produce_rewards",
            "onlyOwner": true,
            "mutability": "mutable",
            "inputs": [],
            "outputs": []
        },
        {
            "name": "setPerBlockRewardAmount",
            "onlyOwner": true,
            "mutability": "mutable",
            "inputs": [
                {
                    "name": "per_block_amount",
                    "type": "BigUint"
                }
            ],
            "outputs": []
        },
        {
            "name": "startProduceRewards",
            "onlyOwner": true,
            "mutability": "mutable",
            "inputs": [],
            "outputs": []
        },
        {
            "name": "getRewardPerShare",
            "mutability": "readonly",
            "inputs": [],
            "outputs": [
                {
                    "type": "BigUint"
                }
            ]
        },
        {
            "name": "getRewardReserve",
            "mutability": "readonly",
            "inputs": [],
            "outputs": [
                {
                    "type": "BigUint"
                }
            ]
        },
        {
            "name": "set_penalty_percent",
            "onlyOwner": true,
            "mutability": "mutable",
            "inputs": [
                {
                    "name": "percent",
                    "type": "u64"
                }
            ],
            "outputs": []
        },
        {
            "name": "set_minimum_farming_epochs",
            "onlyOwner": true,
            "mutability": "mutable",
            "inputs": [
                {
                    "name": "epochs",
                    "type": "u8"
                }
            ],
            "outputs": []
        },
        {
            "name": "set_transfer_exec_gas_limit",
            "onlyOwner": true,
            "mutability": "mutable",
            "inputs": [
                {
                    "name": "gas_limit",
                    "type": "u64"
                }
            ],
            "outputs": []
        },
        {
            "name": "set_burn_gas_limit",
            "onlyOwner": true,
            "mutability": "mutable",
            "inputs": [
                {
                    "name": "gas_limit",
                    "type": "u64"
                }
            ],
            "outputs": []
        },
        {
            "name": "pause",
            "onlyOwner": true,
            "mutability": "mutable",
            "inputs": [],
            "outputs": []
        },
        {
            "name": "resume",
            "onlyOwner": true,
            "mutability": "mutable",
            "inputs": [],
            "outputs": []
        },
        {
            "name": "getFarmTokenSupply",
            "mutability": "readonly",
            "inputs": [],
            "outputs": [
                {
                    "type": "BigUint"
                }
            ]
        },
        {
            "name": "getLastErrorMessage",
            "mutability": "readonly",
            "inputs": [],
            "outputs": [
                {
                    "type": "bytes"
                }
            ]
        },
        {
            "name": "getState",
            "mutability": "readonly",
            "inputs": [],
            "outputs": [
                {
                    "type": "State"
                }
            ]
        },
        {
            "name": "getFarmingTokenId",
            "mutability": "readonly",
            "inputs": [],
            "outputs": [
                {
                    "type": "TokenIdentifier"
                }
            ]
        },
        {
            "name": "getRewardTokenId",
            "mutability": "readonly",
            "inputs": [],
            "outputs": [
                {
                    "type": "TokenIdentifier"
                }
            ]
        },
        {
            "name": "getPenaltyPercent",
            "mutability": "readonly",
            "inputs": [],
            "outputs": [
                {
                    "type": "u64"
                }
            ]
        },
        {
            "name": "getMinimumFarmingEpoch",
            "mutability": "readonly",
            "inputs": [],
            "outputs": [
                {
                    "type": "u8"
                }
            ]
        },
        {
            "name": "getPerBlockRewardAmount",
            "mutability": "readonly",
            "inputs": [],
            "outputs": [
                {
                    "type": "BigUint"
                }
            ]
        },
        {
            "name": "getLastRewardBlockNonce",
            "mutability": "readonly",
            "inputs": [],
            "outputs": [
                {
                    "type": "u64"
                }
            ]
        },
        {
            "name": "getFarmTokenId",
            "mutability": "readonly",
            "inputs": [],
            "outputs": [
                {
                    "type": "TokenIdentifier"
                }
            ]
        },
        {
            "name": "getDivisionSafetyConstant",
            "mutability": "readonly",
            "inputs": [],
            "outputs": [
                {
                    "type": "BigUint"
                }
            ]
        },
        {
            "name": "getPairContractManagedAddress",
            "mutability": "readonly",
            "inputs": [],
            "outputs": [
                {
                    "type": "Address"
                }
            ]
        },
        {
            "name": "getBurnGasLimit",
            "mutability": "readonly",
            "inputs": [],
            "outputs": [
                {
                    "type": "u64"
                }
            ]
        },
        {
            "name": "getLockedAssetFactoryManagedAddress",
            "mutability": "readonly",
            "inputs": [],
            "outputs": [
                {
                    "type": "Address"
                }
            ]
        },
        {
            "name": "getTransferExecGasLimit",
            "mutability": "readonly",
            "inputs": [],
            "outputs": [
                {
                    "type": "u64"
                }
            ]
        },
        {
            "name": "registerFarmToken",
            "onlyOwner": true,
            "mutability": "mutable",
            "payableInTokens": [
                "EGLD"
            ],
            "inputs": [
                {
                    "name": "token_display_name",
                    "type": "bytes"
                },
                {
                    "name": "token_ticker",
                    "type": "bytes"
                },
                {
                    "name": "num_decimals",
                    "type": "u32"
                }
            ],
            "outputs": []
        },
        {
            "name": "setLocalRolesFarmToken",
            "onlyOwner": true,
            "mutability": "mutable",
            "inputs": [],
            "outputs": []
        },
        {
            "name": "mergeFarmTokens",
            "mutability": "mutable",
            "payableInTokens": [
                "*"
            ],
            "inputs": [
                {
                    "name": "opt_accept_funds_func",
                    "type": "optional<bytes>",
                    "multi_arg": true
                }
            ],
            "outputs": [
                {
                    "type": "EsdtTokenPayment"
                }
            ]
        },
        {
            "name": "migrateFromV1_2Farm",
            "mutability": "mutable",
            "payableInTokens": [
                "*"
            ],
            "inputs": [
                {
                    "name": "orig_caller",
                    "type": "Address"
                }
            ],
            "outputs": [
                {
                    "type": "EsdtTokenPayment"
                }
            ]
        },
        {
            "name": "setFarmMigrationConfig",
            "onlyOwner": true,
            "mutability": "mutable",
            "inputs": [
                {
                    "name": "old_farm_address",
                    "type": "Address"
                },
                {
                    "name": "old_farm_token_id",
                    "type": "TokenIdentifier"
                },
                {
                    "name": "new_farm_address",
                    "type": "Address"
                },
                {
                    "name": "new_farm_with_lock_address",
                    "type": "Address"
                }
            ],
            "outputs": []
        },
        {
            "name": "setRpsAndStartRewards",
            "mutability": "mutable",
            "inputs": [
                {
                    "name": "rps",
                    "type": "BigUint"
                }
            ],
            "outputs": []
        },
        {
            "name": "getFarmMigrationConfiguration",
            "mutability": "readonly",
            "inputs": [],
            "outputs": [
                {
                    "type": "FarmMigrationConfig"
                }
            ]
        }
    ],
    "hasCallback": true,
    "types": {
        "EsdtTokenPayment": {
            "type": "struct",
            "fields": [
                {
                    "name": "token_type",
                    "type": "EsdtTokenType"
                },
                {
                    "name": "token_identifier",
                    "type": "TokenIdentifier"
                },
                {
                    "name": "token_nonce",
                    "type": "u64"
                },
                {
                    "name": "amount",
                    "type": "BigUint"
                }
            ]
        },
        "EsdtTokenType": {
            "type": "enum",
            "variants": [
                {
                    "name": "Fungible",
                    "discriminant": 0
                },
                {
                    "name": "NonFungible",
                    "discriminant": 1
                },
                {
                    "name": "SemiFungible",
                    "discriminant": 2
                },
                {
                    "name": "Meta",
                    "discriminant": 3
                },
                {
                    "name": "Invalid",
                    "discriminant": 4
                }
            ]
        },
        "FarmMigrationConfig": {
            "type": "struct",
            "fields": [
                {
                    "name": "migration_role",
                    "type": "FarmMigrationRole"
                },
                {
                    "name": "old_farm_address",
                    "type": "Address"
                },
                {
                    "name": "old_farm_token_id",
                    "type": "TokenIdentifier"
                }
            ]
        },
        "FarmMigrationRole": {
            "type": "enum",
            "variants": [
                {
                    "name": "Old",
                    "discriminant": 0
                },
                {
                    "name": "New",
                    "discriminant": 1
                },
                {
                    "name": "NewWithLock",
                    "discriminant": 2
                }
            ]
        },
        "FarmTokenAttributes": {
            "type": "struct",
            "fields": [
                {
                    "name": "reward_per_share",
                    "type": "BigUint"
                },
                {
                    "name": "original_entering_epoch",
                    "type": "u64"
                },
                {
                    "name": "entering_epoch",
                    "type": "u64"
                },
                {
                    "name": "initial_farming_amount",
                    "type": "BigUint"
                },
                {
                    "name": "compounded_reward",
                    "type": "BigUint"
                },
                {
                    "name": "current_farm_amount",
                    "type": "BigUint"
                }
            ]
        },
        "State": {
            "type": "enum",
            "variants": [
                {
                    "name": "Inactive",
                    "discriminant": 0
                },
                {
                    "name": "Active",
                    "discriminant": 1
                }
            ]
        }
    }
}
