{
    "name": "add wrapped token",
    "gasSchedule": "v4",
    "steps": [
        {
            "step": "setState",
            "accounts": {
                "address:owner": {
                    "nonce": "0",
                    "balance": "0",
                    "storage": {}
                },
                "address:user": {
                    "nonce": "0",
                    "esdt": {
                        "str:USDC-aaaaaa": {
                            "balance": "500000000000000"
                        },
                        "str:USDC-bbbbbb": {
                            "balance": "500000000000000"
                        },
                        "str:USDC-cccccc": {
                            "balance": "500000000000000"
                        },
                        "str:WUSDC-abcdef": {
                            "balance": "500"
                        }
                    },
                    "storage": {}
                },
                "sc:bridged_tokens_wrapper": {
                    "nonce": "0",
                    "esdt": {
                        "str:WUSDC-abcdef": {
                            "balance": "1",
                            "roles": [
                                "ESDTRoleLocalMint",
                                "ESDTRoleLocalBurn"
                            ]
                        },
                        "str:WUSDC-uvwxyz": {
                            "balance": "1",
                            "roles": [
                                "ESDTRoleLocalMint",
                                "ESDTRoleLocalBurn"
                            ]
                        }
                    },
                    "code": "file:../output/bridged-tokens-wrapper.wasm",
                    "owner": "address:owner"
                }
            }
        },
        {
            "step": "scCall",
            "txId": "add-wrapped-token",
            "tx": {
                "from": "address:owner",
                "to": "sc:bridged_tokens_wrapper",
                "function": "addWrappedToken",
                "arguments": [
                    "str:WUSDC-abcdef",
                    "u32:6"
                ],
                "gasLimit": "5,000,000",
                "gasPrice": "0"
            },
            "expect": {
                "status": "0",
                "message": "",
                "gas": "*",
                "refund": "*"
            }
        },
        {
            "step": "checkState",
            "accounts": {
                "address:owner": {
                    "nonce": "1",
                    "balance": "0",
                    "storage": {}
                },
                "address:user": {
                    "nonce": "0",
                    "esdt": {
                        "str:USDC-aaaaaa": {
                            "balance": "500000000000000"
                        },
                        "str:USDC-bbbbbb": {
                            "balance": "500000000000000"
                        },
                        "str:USDC-cccccc": {
                            "balance": "500000000000000"
                        },
                        "str:WUSDC-abcdef": {
                            "balance": "500"
                        }
                    },
                    "storage": {}
                },
                "sc:bridged_tokens_wrapper": {
                    "nonce": "0",
                    "esdt": {
                        "str:WUSDC-abcdef": {
                            "balance": "1",
                            "roles": [
                                "ESDTRoleLocalMint",
                                "ESDTRoleLocalBurn"
                            ]
                        },
                        "str:WUSDC-uvwxyz": {
                            "balance": "1",
                            "roles": [
                                "ESDTRoleLocalMint",
                                "ESDTRoleLocalBurn"
                            ]
                        }
                    },
                    "storage": {
                        "str:universalBridgedTokenIds.len": "1",
                        "str:universalBridgedTokenIds.index|nested:str:WUSDC-abcdef": "1",
                        "str:universalBridgedTokenIds.item|u32:1": "str:WUSDC-abcdef",
                        "str:token_decimals_num|nested:str:WUSDC-abcdef": "6"
                    },
                    "code": "file:../output/bridged-tokens-wrapper.wasm",
                    "owner": "address:owner"
                }
            }
        }
    ]
}
