{
    "name": "remove wrapped token",
    "gasSchedule": "v4",
    "steps": [
        {
            "step": "externalSteps",
            "path": "blacklist_token.scen.json"
        },
        {
            "step": "scCall",
            "txId": "add-wrapped-token",
            "tx": {
                "from": "address:owner",
                "to": "sc:bridged_tokens_wrapper",
                "function": "addWrappedToken",
                "arguments": [
                    "str:WUSDC-uvwxyz",
                    "u32:18"
                ],
                "gasLimit": "5,000,000",
                "gasPrice": "0"
            },
            "expect": {
                "status": "0",
                "message": "",
                "gas": "*",
                "refund": "*"
            }
        },
        {
            "step": "scCall",
            "txId": "remove-wrapped-token",
            "tx": {
                "from": "address:owner",
                "to": "sc:bridged_tokens_wrapper",
                "function": "removeWrappedToken",
                "arguments": [
                    "str:WUSDC-abcdef"
                ],
                "gasLimit": "5,000,000",
                "gasPrice": "0"
            },
            "expect": {
                "status": "0",
                "message": "",
                "gas": "*",
                "refund": "*"
            }
        },
        {
            "step": "checkState",
            "accounts": {
                "address:owner": {
                    "nonce": "6",
                    "balance": "0",
                    "storage": {}
                },
                "address:user": {
                    "nonce": "5",
                    "esdt": {
                        "str:USDC-aaaaaa": {
                            "balance": "200000000000000"
                        },
                        "str:USDC-bbbbbb": {
                            "balance": "500000000000000"
                        },
                        "str:USDC-cccccc": {
                            "balance": "400000000000000"
                        },
                        "str:WUSDC-abcdef": {
                            "balance": "900"
                        }
                    },
                    "storage": {}
                },
                "sc:bridged_tokens_wrapper": {
                    "nonce": "0",
                    "esdt": {
                        "str:WUSDC-abcdef": {
                            "balance": "1",
                            "roles": [
                                "ESDTRoleLocalMint",
                                "ESDTRoleLocalBurn"
                            ]
                        },
                        "str:WUSDC-uvwxyz": {
                            "balance": "1",
                            "roles": [
                                "ESDTRoleLocalMint",
                                "ESDTRoleLocalBurn"
                            ]
                        },
                        "str:USDC-aaaaaa": {
                            "balance": "300000000000000"
                        },
                        "str:USDC-cccccc": {
                            "balance": "100000000000000"
                        }
                    },
                    "storage": {
                        "str:universalBridgedTokenIds.len": "1",
                        "str:universalBridgedTokenIds.index|nested:str:WUSDC-uvwxyz": "1",
                        "str:universalBridgedTokenIds.item|u32:1": "str:WUSDC-uvwxyz",
                        "str:tokenLiquidity|nested:str:USDC-aaaaaa": "300000000000000",
                        "str:tokenLiquidity|nested:str:USDC-cccccc": "100000000000000",
                        "str:token_decimals_num|nested:str:WUSDC-uvwxyz": "18"
                    },
                    "code": "file:../output/bridged-tokens-wrapper.wasm",
                    "owner": "address:owner"
                }
            }
        }
    ]
}
