{
    "name": "genesis big scenario",
    "steps": [
        {
            "step": "externalSteps",
            "path": "../genesis/01a_init_accounts.steps.json"
        },
        {
            "step": "externalSteps",
            "path": "../genesis/01b_deploy.steps.json"
        },
        {
            "step": "scCall",
            "txId": "claim ok",
            "tx": {
                "from": "address:node_address",
                "to": "sc:delegation",
                "value": "0",
                "function": "claimRewards",
                "arguments": [],
                "gasLimit": "1,000,000",
                "gasPrice": "0"
            },
            "expect": {
                "out": [],
                "status": "",
                "logs": "*"
            }
        },
        {
            "step": "scCall",
            "txId": "disable claim",
            "tx": {
                "from": "address:node_address",
                "to": "sc:delegation",
                "value": "0",
                "function": "setFeatureFlag",
                "arguments": [ "str:claimRewards", "false" ],
                "gasLimit": "1,000,000",
                "gasPrice": "0"
            },
            "expect": {
                "out": [],
                "status": "",
                "logs": "*"
            }
        },
        {
            "step": "scCall",
            "txId": "claim impossible",
            "tx": {
                "from": "address:node_address",
                "to": "sc:delegation",
                "value": "0",
                "function": "claimRewards",
                "arguments": [],
                "gasLimit": "1,000,000",
                "gasPrice": "0"
            },
            "expect": {
                "out": [],
                "status": "4",
                "message": "str:claimRewards currently disabled",
                "logs": "*"
            }
        },
        {
            "step": "scCall",
            "txId": "re-enable claim",
            "tx": {
                "from": "address:node_address",
                "to": "sc:delegation",
                "value": "0",
                "function": "setFeatureFlag",
                "arguments": [ "str:claimRewards", "true" ],
                "gasLimit": "1,000,000",
                "gasPrice": "0"
            },
            "expect": {
                "out": [],
                "status": "",
                "logs": "*"
            }
        },
        {
            "step": "scCall",
            "txId": "claim ok again",
            "tx": {
                "from": "address:node_address",
                "to": "sc:delegation",
                "value": "0",
                "function": "claimRewards",
                "arguments": [],
                "gasLimit": "1,000,000",
                "gasPrice": "0"
            },
            "expect": {
                "out": [],
                "status": "",
                "logs": "*"
            }
        }
    ]
}
