{
    "name": "genesis big scenario",
    "gasSchedule": "v3",
    "steps": [
        {
            "step": "setState",
            "accounts": {
                "address:node_address": {
                    "nonce": "0",
                    "balance": "0",
                    "storage": {},
                    "code": ""
                },
                "address:delegator_1": {
                    "nonce": "0",
                    "balance": "7,777,000,000",
                    "storage": {},
                    "code": ""
                },
                "sc:delegation": {
                    "nonce": "0",
                    "balance": "0",
                    "storage": {
                        "``ELRONDreward": "888,000,000",
                        "``auction_addr": "sc:auction",
                        "``f|0x00000007": "0x04|0x00000002|0x00000007|0x0110d9316ec000|0x00000008|0x00000000|0x00000000|0x00000000",
                        "``f|0x00000008": "0x04|0x00000003|0x00000006|0x1e0369471000|0x00000009|0x00000007|0x00000000|0x00000000",
                        "``f|0x00000009": "0x04|0x00000004|0x00000006|0x64f43391f000|0x00000000|0x00000008|0x00000000|0x00000000",
                        "``f_max_id": "9",
                        "``ftype|0x04": "0x00000007|0x0193d0ce47c000|0x00000007|0x00000009",
                        "``fuser|0x0000000204": "0x00000007|0x0110d9316ec000|0x00000007|0x00000007",
                        "``fuser|0x0000000304": "0x00000006|0x1e0369471000|0x00000008|0x00000008",
                        "``fuser|0x0000000404": "0x00000006|0x64f43391f000|0x00000009|0x00000009",
                        "``n_blocks_before_force_unstake": "50",
                        "``n_blocks_before_unbond": "60",
                        "``node_bls_to_id|``bls_key_1_______________________________________________________________________________________": "1",
                        "``node_bls_to_id|``bls_key_2_______________________________________________________________________________________": "2",
                        "``node_bls_to_id|``bls_key_3_______________________________________________________________________________________": "3",
                        "``node_bls_to_id|``bls_key_4_______________________________________________________________________________________": "4",
                        "``node_bls_to_id|``bls_key_5_______________________________________________________________________________________": "5",
                        "``node_bls_to_id|``bls_key_6_______________________________________________________________________________________": "6",
                        "``node_bls_to_id|``bls_key_7_______________________________________________________________________________________": "7",
                        "``node_id_to_bls|0x00000001": "``bls_key_1_______________________________________________________________________________________",
                        "``node_id_to_bls|0x00000002": "``bls_key_2_______________________________________________________________________________________",
                        "``node_id_to_bls|0x00000003": "``bls_key_3_______________________________________________________________________________________",
                        "``node_id_to_bls|0x00000004": "``bls_key_4_______________________________________________________________________________________",
                        "``node_id_to_bls|0x00000005": "``bls_key_5_______________________________________________________________________________________",
                        "``node_id_to_bls|0x00000006": "``bls_key_6_______________________________________________________________________________________",
                        "``node_id_to_bls|0x00000007": "``bls_key_7_______________________________________________________________________________________",
                        "``node_signature|0x00000001": "``signature_1_____________________",
                        "``node_signature|0x00000002": "``signature_2_____________________",
                        "``node_signature|0x00000003": "``signature_3_____________________",
                        "``node_signature|0x00000004": "``signature_4_____________________",
                        "``node_signature|0x00000005": "``signature_5_____________________",
                        "``node_signature|0x00000006": "``signature_6_____________________",
                        "``node_signature|0x00000007": "``signature_7_____________________",
                        "``node_state|0x00000001": "7",
                        "``node_state|0x00000002": "3",
                        "``node_state|0x00000003": "3",
                        "``node_state|0x00000004": "7",
                        "``node_state|0x00000005": "3",
                        "``node_state|0x00000006": "3",
                        "``node_state|0x00000007": "7",
                        "``num_nodes": "7",
                        "``num_users": "4",
                        "``sent_rewards": "300,000,000",
                        "``service_fee": "5000",
                        "``stake_per_node": "111,000,000,000,000",
                        "``u_rew_checkp|0x00000002": "888,000,000",
                        "``unstake_enabled": "1",
                        "``user_id|``delegator_1___________________s1": "2",
                        "``user_id|``delegator_2___________________s1": "3",
                        "``user_id|``delegator_3___________________s1": "4",
                        "``user_id|``node_address__________________s1": "1",
                        "``total_delegation_cap": "444,000,000,000,000"
                    },
                    "code": "file:../output/delegation_v0_5_7_update.wasm"
                }
            }
        },
        {
            "step": "scCall",
            "txId": "genesis delegator stake",
            "tx": {
                "from": "address:delegator_1",
                "to": "sc:delegation",
                "value": "7,777,000,000",
                "function": "stake",
                "arguments": [],
                "gasLimit": "100,000,000",
                "gasPrice": "0"
            },
            "expect": {
                "out": [],
                "status": "",
                "logs": [
                    {
                        "address": "sc:delegation",
                        "identifier": "0x0000000000000000000000000000000000000000000000000000000000000001",
                        "topics": [
                            "address:delegator_1"
                        ],
                        "data": "7,777,000,000"
                    }
                ],
                "gas": "*",
                "refund": "*"
            }
        },
        {
            "step": "scCall",
            "txId": "getFullWaitingList",
            "tx": {
                "from": "address:node_address",
                "to": "sc:delegation",
                "value": "0",
                "function": "getFullWaitingList",
                "arguments": [],
                "gasLimit": "100,000,000",
                "gasPrice": "0"
            },
            "expect": {
                "out": [
                    "address:delegator_1", "7,777,000,000", "0"
                ],
                "status": "",
                "logs": [],
                "gas": "*",
                "refund": "*"
            }
        }
    ]
}
