[
  {
    "owner": "erd1vxy22x0fj4zv6hktmydg8vpfh6euv02cz4yg0aaws6rrad5a5awqgqky80",
    "filename": "./config/genesisContracts/delegation.wasm",
    "vm-type": "0500",
    "init-parameters": "%validator_sc_address%@03E8@00@030D40@030D40",
    "type": "delegation",
    "version": "0.4.*"
  },
  {
    "owner": "erd188anxz35atlef7cucszypmvx88lhz4m7a7t7lhcwt6sfphpsqlkswfhcx2",
    "filename": "./config/genesisContracts/dns.wasm",
    "vm-type": "0500",
    "init-parameters": "00",
    "type": "dns",
    "version": "0.2.*"
  }
]
