{
    "name": "create ethereum to MultiversX tx batch",
    "steps": [
        {
            "step": "externalSteps",
            "path": "setup.scen.json"
        },
        {
            "step": "scCall",
            "txId": "propose-transfer-ok",
            "tx": {
                "from": "address:relayer1",
                "to": "sc:multisig",
                "value": "0",
                "function": "proposeMultiTransferEsdtBatch",
                "arguments": [
                    "u64:1",
                    {
                        "1-from": "0x0102030405060708091011121314151617181920",
                        "2-to": "address:user",
                        "3-token_id": "nested:str:WEGLD-123456",
                        "4-amount": "biguint:76,000,000,000",
                        "5-tx_nonce": "u64:1",
                        "6-call_data": "0x000000036164640000000000989680000000010000000105"
                    },
                    {
                        "1-from": "0x0102030405060708091011121314151617181920",
                        "2-to": "address:user",
                        "3-token_id": "nested:str:ETH-123456",
                        "4-amount": "biguint:76,000,000,000",
                        "5-tx_nonce": "u64:2",
                        "6-call_data": "0x000000036164640000000000989680000000010000000105"
                    }
                ],
                "gasLimit": "50,000,000",
                "gasPrice": "0"
            },
            "expect": {
                "status": "0",
                "message": "",
                "out": [
                    "1"
                ],
                "gas": "*",
                "refund": "*"
            }
        },
        {
            "step": "checkState",
            "accounts": {
                "sc:multisig": {
                    "nonce": "*",
                    "balance": "*",
                    "storage": {
                        "str:action_data.item|u32:1": {
                            "1-action_type": "u8:2",
                            "2-batch_id": "u64:1",
                            "3-transfers_len": "u32:2",
                            "4-transfers_vec": [
                                {
                                    "1-from": "0x0102030405060708091011121314151617181920",
                                    "2-to": "address:user",
                                    "3-token_id": "nested:str:WEGLD-123456",
                                    "4-amount": "biguint:76,000,000,000",
                                    "5-tx_nonce": "u64:1",
                                    "6-call_data": "nested:str:add|u64:10,000,000|u32:0x1|nested:u8:5"
                                },
                                {
                                    "1-from": "0x0102030405060708091011121314151617181920",
                                    "2-to": "address:user",
                                    "3-token_id": "nested:str:ETH-123456",
                                    "4-amount": "biguint:76,000,000,000",
                                    "5-tx_nonce": "u64:2",
                                    "6-call_endpoint": "nested:str:add|u64:10,000,000|u32:0x1|nested:u8:5"
                                }
                            ]
                        },
                        "+": ""
                    },
                    "code": "*"
                },
                "+": {}
            }
        },
        {
            "step": "scCall",
            "txId": "second-relayer-sign",
            "tx": {
                "from": "address:relayer2",
                "to": "sc:multisig",
                "value": "0",
                "function": "sign",
                "arguments": [
                    "1"
                ],
                "gasLimit": "35,000,000",
                "gasPrice": "0"
            },
            "expect": {
                "status": "0",
                "message": "",
                "out": [],
                "gas": "*",
                "refund": "*"
            }
        },
        {
            "step": "scCall",
            "txId": "perform-action-transfer",
            "tx": {
                "from": "address:relayer1",
                "to": "sc:multisig",
                "value": "0",
                "function": "performAction",
                "arguments": [
                    "1"
                ],
                "gasLimit": "100,000,000",
                "gasPrice": "0"
            },
            "expect": {
                "status": "0",
                "message": "",
                "out": [],
                "gas": "*",
                "refund": "*"
            }
        },
        {
            "step": "checkState",
            "accounts": {
                "address:user": {
                    "nonce": "*",
                    "balance": "0",
                    "esdt": {
                        "str:WEGLD-123456": "176,000,000,000",
                        "str:ETH-123456": "276,000,000,000"
                    },
                    "storage": {}
                },
                "+": {}
            }
        }
    ]
}
