{
    "name": "create ethereum to MultiversX tx batch - rejected",
    "steps": [
        {
            "step": "externalSteps",
            "path": "setup.scen.json"
        },
        {
            "step": "scCall",
            "txId": "try-propose-wrong-batch-id",
            "tx": {
                "from": "address:relayer1",
                "to": "sc:multisig",
                "value": "0",
                "function": "proposeMultiTransferEsdtBatch",
                "arguments": [
                    "2",
                    "0x0102030405060708091011121314151617181920",
                    "sc:egld_esdt_swap",
                    "str:WEGLD-123456",
                    "76,000,000,000",
                    "str:data",
                    "0x01|nested:str:data|u64:50,000,000|u32:0",
                    "0x0102030405060708091011121314151617181920",
                    "sc:egld_esdt_swap",
                    "str:ETH-123456",
                    "76,000,000,000",
                    "u64:2",
                    "0x01|nested:str:data|u64:50,000,000|u32:0"
                ],
                "gasLimit": "50,000,000",
                "gasPrice": "0"
            },
            "expect": {
                "status": "4",
                "message": "str:Can only propose for next batch ID",
                "out": [],
                "gas": "*",
                "refund": "*"
            }
        },
        {
            "step": "scCall",
            "txId": "try-propose-wrong-tx-id",
            "tx": {
                "from": "address:relayer1",
                "to": "sc:multisig",
                "value": "0",
                "function": "proposeMultiTransferEsdtBatch",
                "arguments": [
                    "1",
                    {
                        "1-from": "0x0102030405060708091011121314151617181920",
                        "2-to": "sc:egld_esdt_swap",
                        "3-token_id": "nested:str:WEGLD-123456",
                        "4-amount": "biguint:76,000,000,000",
                        "5-tx_nonce": "u64:2",
                        "6-call_endpoint": "nested:str:data",
                        "7-call_gas_limit": "u64:50,000,000",
                        "8-call_args": "u32:0"
                    },
                    {
                        "1-from": "0x0102030405060708091011121314151617181920",
                        "2-to": "sc:egld_esdt_swap",
                        "3-token_id": "nested:str:ETH-123456",
                        "4-amount": "biguint:76,000,000,000",
                        "5-tx_nonce": "u64:3",
                        "6-call_endpoint": "nested:str:data",
                        "7-call_gas_limit": "u64:50,000,000",
                        "8-call_args": "u32:0"
                    }
                ],
                "gasLimit": "50,000,000",
                "gasPrice": "0"
            },
            "expect": {
                "status": "4",
                "message": "str:Invalid Tx ID",
                "out": [],
                "gas": "*",
                "refund": "*"
            }
        },
        {
            "step": "scCall",
            "txId": "propose-transfer-to-smart-contract",
            "tx": {
                "from": "address:relayer1",
                "to": "sc:multisig",
                "value": "0",
                "function": "proposeMultiTransferEsdtBatch",
                "arguments": [
                    "1",
                    {
                        "1-from": "0x0102030405060708091011121314151617181920",
                        "2-to": "sc:egld_esdt_swap",
                        "3-token_id": "nested:str:WEGLD-123456",
                        "4-amount": "biguint:101,000,000,000",
                        "5-tx_nonce": "u64:1",
                        "6-call_endpoint": "nested:str:data",
                        "7-call_gas_limit": "u64:50,000,000",
                        "8-call_args": "0x"
                    },
                    {
                        "1-from": "0x0102030405060708091011121314151617181920",
                        "2-to": "sc:egld_esdt_swap",
                        "3-token_id": "nested:str:ETH-123456",
                        "4-amount": "biguint:101,000,000,000",
                        "5-tx_nonce": "u64:2",
                        "6-call_endpoint": "nested:str:data",
                        "7-call_gas_limit": "u64:50,000,000",
                        "8-call_args": "0x"
                    }
                ],
                "gasLimit": "50,000,000",
                "gasPrice": "0"
            },
            "expect": {
                "status": "0",
                "message": "",
                "out": [
                    "1"
                ],
                "gas": "*",
                "refund": "*"
            }
        },
        {
            "step": "checkState",
            "accounts": {
                "sc:multisig": {
                    "nonce": "*",
                    "balance": "*",
                    "storage": {
                        "str:action_data.item|u32:1": {
                            "1-action_type": "u8:2",
                            "2-batch_id": "u64:1",
                            "3-transfers_len": "u32:2",
                            "4-transfers_vec": [
                                {
                                    "1-from": "0x0102030405060708091011121314151617181920",
                                    "2-to": "sc:egld_esdt_swap",
                                    "3-token_id": "nested:str:WEGLD-123456",
                                    "4-amount": "biguint:101,000,000,000",
                                    "5-tx_nonce": "u64:1",
                                    "6-call_endpoint": "nested:str:data",
                                    "7-call_gas_limit": "u64:50,000,000",
                                    "8-call_args": "u32:0"
                                },
                                {
                                    "1-from": "0x0102030405060708091011121314151617181920",
                                    "2-to": "sc:egld_esdt_swap",
                                    "3-token_id": "nested:str:ETH-123456",
                                    "4-amount": "biguint:101,000,000,000",
                                    "5-tx_nonce": "u64:2",
                                    "6-call_endpoint": "nested:str:data",
                                    "7-call_gas_limit": "u64:50,000,000",
                                    "8-call_args": "u32:0"
                                }
                            ]
                        },
                        "+": ""
                    },
                    "code": "*"
                },
                "+": {}
            }
        },
        {
            "step": "scCall",
            "txId": "second-relayer-sign",
            "tx": {
                "from": "address:relayer2",
                "to": "sc:multisig",
                "value": "0",
                "function": "sign",
                "arguments": [
                    "1"
                ],
                "gasLimit": "35,000,000",
                "gasPrice": "0"
            },
            "expect": {
                "status": "0",
                "message": "",
                "out": [],
                "gas": "*",
                "refund": "*"
            }
        },
        {
            "step": "scCall",
            "txId": "perform-action-transfer",
            "comment": "output is from execute_on_dest_context results being propagated to the initial caller",
            "tx": {
                "from": "address:relayer1",
                "to": "sc:multisig",
                "value": "0",
                "function": "performAction",
                "arguments": [
                    "1"
                ],
                "gasLimit": "100,000,000",
                "gasPrice": "0"
            },
            "expect": {
                "status": "0",
                "message": "",
                "out": [],
                "gas": "*",
                "refund": "*"
            }
        },
        {
            "step": "scQuery",
            "txId": "get-current-refund-tx-batch",
            "tx": {
                "to": "sc:multisig",
                "function": "getCurrentRefundBatch",
                "arguments": []
            },
            "expect": {
                "out": [
                    "1",
                    "0",
                    "1",
                    "0x0102030405060708091011121314151617181920",
                    "sc:egld_esdt_swap",
                    "str:WEGLD-123456",
                    "101,000,000,000",
                    "0",
                    "2",
                    "0x0102030405060708091011121314151617181920",
                    "sc:egld_esdt_swap",
                    "str:ETH-123456",
                    "101,000,000,000"
                ]
            }
        },
        {
            "step": "scCall",
            "txId": "move-refund-batch-to-safe",
            "tx": {
                "from": "address:owner",
                "to": "sc:multisig",
                "value": "0",
                "function": "moveRefundBatchToSafeFromChildContract",
                "arguments": [],
                "gasLimit": "200,000,000",
                "gasPrice": "0"
            },
            "expect": {
                "status": "0",
                "message": "",
                "out": [],
                "gas": "*",
                "refund": "*"
            }
        },
        {
            "step": "scQuery",
            "txId": "get-current-refund-tx-batch-after-move",
            "tx": {
                "to": "sc:multisig",
                "function": "getCurrentRefundBatch",
                "arguments": []
            },
            "expect": {
                "out": []
            }
        },
        {
            "step": "checkState",
            "accounts": {
                "sc:esdt_safe": {
                    "nonce": "0",
                    "balance": "0",
                    "esdt": {
                        "str:WEGLD-123456": {
                            "balance": "101,000,000,000",
                            "roles": [
                                "ESDTRoleLocalMint",
                                "ESDTRoleLocalBurn"
                            ]
                        },
                        "str:ETH-123456": {
                            "balance": "101,000,000,000",
                            "roles": [
                                "ESDTRoleLocalMint",
                                "ESDTRoleLocalBurn"
                            ]
                        }
                    },
                    "storage": {
                        "str:pendingBatches|u64:1|str:.item|u32:1": {
                            "1-block_nonce": "u64:0",
                            "2-nonce": "u64:1",
                            "3-from": "u32:32|sc:egld_esdt_swap",
                            "4-to": "u32:20|0x0102030405060708091011121314151617181920",
                            "5-token_identifier": "nested:str:WEGLD-123456",
                            "6-amount": "biguint:100,998,500,000",
                            "7-is_refund_tx": "u8:1"
                        },
                        "str:pendingBatches|u64:1|str:.item|u32:2": {
                            "1-block_nonce": "u64:0",
                            "2-nonce": "u64:2",
                            "3-from": "u32:32|sc:egld_esdt_swap",
                            "4-to": "u32:20|0x0102030405060708091011121314151617181920",
                            "5-token_identifier": "nested:str:ETH-123456",
                            "6-amount": "biguint:100,998,500,000",
                            "7-is_refund_tx": "u8:1"
                        },
                        "str:firstBatchId": "1",
                        "str:lastBatchId": "1",
                        "str:accumulatedTransactionFees|nested:str:WEGLD-123456": "0",
                        "str:accumulatedTransactionFees|nested:str:ETH-123456": "0",
                        "+": ""
                    },
                    "code": "*"
                },
                "+": {}
            }
        }
    ]
}
