{
    "name": "execute transactions successfuly",
    "steps": [
        {
            "step": "externalSteps",
            "path": "create_multiversx_to_ethereum_tx_batch.scen.json"
        },
        {
            "step": "scCall",
            "txId": "propose-set-tx-batch-executed",
            "tx": {
                "from": "address:relayer1",
                "to": "sc:multisig",
                "value": "0",
                "function": "proposeEsdtSafeSetCurrentTransactionBatchStatus",
                "arguments": [
                    "1",
                    "3",
                    "3"
                ],
                "gasLimit": "50,000,000",
                "gasPrice": "0"
            },
            "expect": {
                "status": "0",
                "message": "",
                "out": [
                    "1"
                ],
                "gas": "*",
                "refund": "*"
            }
        },
        {
            "step": "checkState",
            "accounts": {
                "sc:multisig": {
                    "nonce": "*",
                    "balance": "*",
                    "storage": {
                        "str:action_data.item|u32:1": {
                            "1-action_type": "u8:1",
                            "2-batch_id": "u64:1",
                            "3-tx_batch_status_len": "u32:2",
                            "4-tx_batch_status_vec": "u8:3|u8:3"
                        },
                        "+": ""
                    },
                    "code": "*"
                },
                "+": {}
            }
        },
        
        {
            "step": "scCall",
            "txId": "second-relayer-sign",
            "tx": {
                "from": "address:relayer2",
                "to": "sc:multisig",
                "value": "0",
                "function": "sign",
                "arguments": [
                    "1"
                ],
                "gasLimit": "35,000,000",
                "gasPrice": "0"
            },
            "expect": {
                "status": "0",
                "message": "",
                "out": [],
                "gas": "*",
                "refund": "*"
            }
        },
        {
            "step": "scCall",
            "txId": "perform-action-set-tx-batch-executed",
            "tx": {
                "from": "address:relayer1",
                "to": "sc:multisig",
                "value": "0",
                "function": "performAction",
                "arguments": [
                    "1"
                ],
                "gasLimit": "75,000,000",
                "gasPrice": "0"
            },
            "expect": {
                "status": "0",
                "message": "",
                "gas": "*",
                "refund": "*"
            }
        },
        {
            "step": "scCall",
            "txId": "user-claim-refund-egld",
            "tx": {
                "from": "address:user",
                "to": "sc:esdt_safe",
                "value": "0",
                "function": "claimRefund",
                "arguments": [
                    "str:WEGLD-123456"
                ],
                "gasLimit": "50,000,000",
                "gasPrice": "0"
            },
            "expect": {
                "status": "4",
                "message": "str:Nothing to refund",
                "gas": "*",
                "refund": "*"
            }
        },
        {
            "step": "scCall",
            "txId": "user-claim-refund-eth",
            "tx": {
                "from": "address:user",
                "to": "sc:esdt_safe",
                "value": "0",
                "function": "claimRefund",
                "arguments": [
                    "str:ETH-123456"
                ],
                "gasLimit": "50,000,000",
                "gasPrice": "0"
            },
            "expect": {
                "status": "4",
                "message": "str:Nothing to refund",
                "gas": "*",
                "refund": "*"
            }
        },
        {
            "step": "checkState",
            "comment": "the tokens are burned after successful tx execution",
            "accounts": {
                "sc:esdt_safe": {
                    "nonce": "0",
                    "balance": "0",
                    "esdt": {
                        "str:WEGLD-123456": {
                            "balance": "1,500,000",
                            "roles": [
                                "ESDTRoleLocalMint",
                                "ESDTRoleLocalBurn"
                            ]
                        },
                        "str:ETH-123456": {
                            "balance": "1,500,000",
                            "roles": [
                                "ESDTRoleLocalMint",
                                "ESDTRoleLocalBurn"
                            ]
                        }
                    },
                    "storage": {
                        "str:transactionStatus|address:user|u32:1": "",
                        "str:transactionsByNonce|address:user|str:.item|u32:1": "",
                        "str:transactionStatus|address:user|u32:2": "",
                        "str:transactionsByNonce|address:user|str:.item|u32:2": "",
                        "str:accumulatedTransactionFees|nested:str:WEGLD-123456": "1,500,000",
                        "str:accumulatedTransactionFees|nested:str:ETH-123456": "1,500,000",
                        "+": ""
                    },
                    "code": "*"
                },
                "+": {}
            }
        },
        {
            "step": "scCall",
            "txId": "owner-distribute-fees",
            "tx": {
                "from": "address:owner",
                "to": "sc:multisig",
                "value": "0",
                "function": "distributeFeesFromChildContracts",
                "arguments": [
                    "address:relayer1",
                    "4000",
                    "address:relayer2",
                    "6000"
                ],
                "gasLimit": "200,000,000",
                "gasPrice": "0"
            },
            "expect": {
                "status": "0",
                "message": "",
                "gas": "*",
                "refund": "*"
            }
        },
        {
            "step": "checkState",
            "accounts": {
                "address:relayer1": {
                    "nonce": "*",
                    "balance": "0",
                    "esdt": {
                        "str:WEGLD-123456": {
                            "balance": "600,000"
                        },
                        "str:ETH-123456": {
                            "balance": "600,000"
                        }
                    },
                    "storage": {}
                },
                "address:relayer2": {
                    "nonce": "*",
                    "balance": "0",
                    "esdt": {
                        "str:WEGLD-123456": {
                            "balance": "900,000"
                        },
                        "str:ETH-123456": {
                            "balance": "900,000"
                        }
                    },
                    "storage": {}
                },
                "sc:esdt_safe": {
                    "nonce": "0",
                    "balance": "0",
                    "esdt": {
                        "str:WEGLD-123456": {
                            "balance": "0",
                            "roles": [
                                "ESDTRoleLocalMint",
                                "ESDTRoleLocalBurn"
                            ]
                        },
                        "str:ETH-123456": {
                            "balance": "0",
                            "roles": [
                                "ESDTRoleLocalMint",
                                "ESDTRoleLocalBurn"
                            ]
                        }
                    },
                    "storage": {
                        "str:accumulatedTransactionFees|nested:str:WEGLD-123456": "0",
                        "str:accumulatedTransactionFees|nested:str:ETH-123456": "0",
                        "+": ""
                    },
                    "code": "*"
                },
                "+": {}
            }
        }
    ]
}
