{
    "name": "setup accounts",
    "steps": [
        {
            "step": "externalSteps",
            "path": "../../price-aggregator/scenarios/oracle_gwei_in_eth_and_egld_submit.scen.json"
        },
        {
            "step": "setState",
            "comment": "simulate child contracts deploy + setting local roles + change ownership. Changing ownership will be done after the multisig deploy in the real setup, but this is way less verbose in mandos.",
            "accounts": {
                "sc:bridge_proxy": {
                    "code": "file:../../bridge-proxy/output/bridge-proxy.wasm",
                    "nonce": "0",
                    "balance": "0",
                    "storage": {
                        "str:multiTransferAddress": "sc:multi_transfer"
                    }
                },
                "sc:multi_transfer": {
                    "nonce": "0",
                    "balance": "0",
                    "esdt": {
                        "str:WEGLD-123456": {
                            "balance": "0",
                            "roles": [
                                "ESDTRoleLocalMint"
                            ]
                        },
                        "str:ETH-123456": {
                            "balance": "0",
                            "roles": [
                                "ESDTRoleLocalMint"
                            ]
                        }
                    },
                    "storage": {
                        "str:esdtSafeContractAddress": "sc:esdt_safe",
                        "str:bridgeProxyContractAddress": "sc:bridge_proxy",
                        "str:maxTxBatchSize": "10",
                        "str:maxTxBatchBlockDuration": "3,600",
                        "str:maxBridgedAmount|nested:str:WEGLD-123456": "100,000,000,000",
                        "str:maxBridgedAmount|nested:str:ETH-123456": "100,000,000,000",
                        "str:firstBatchId": "1",
                        "str:lastBatchId": "1"
                    },
                    "owner": "sc:multisig",
                    "code": "file:../../multi-transfer-esdt/output/multi-transfer-esdt.wasm"
                },
                "sc:esdt_safe": {
                    "nonce": "0",
                    "balance": "0",
                    "esdt": {
                        "str:WEGLD-123456": {
                            "balance": "0",
                            "roles": [
                                "ESDTRoleLocalMint",
                                "ESDTRoleLocalBurn"
                            ]
                        },
                        "str:ETH-123456": {
                            "balance": "0",
                            "roles": [
                                "ESDTRoleLocalMint",
                                "ESDTRoleLocalBurn"
                            ]
                        }
                    },
                    "storage": {
                        "str:multiTransferContractAddress": "sc:multi_transfer",
                        "str:feeEstimatorContractAddress": "sc:price_aggregator",
                        "str:bridgedTokensWrapperAddress": "sc:bridged_tokens_wrapper",
                        "str:maxTxBatchSize": "10",
                        "str:maxTxBatchBlockDuration": "100",
                        "str:ethTxGasLimit": "150,000",
                        "str:firstBatchId": "1",
                        "str:lastBatchId": "1",
                        "str:tokenTicker|nested:str:GWEI": "str:GWEI",
                        "str:tokenTicker|nested:str:WEGLD-123456": "str:WEGLD",
                        "str:tokenTicker|nested:str:ETH-123456": "str:ETH",
                        "str:tokenWhitelist.index|nested:str:WEGLD-123456": "1",
                        "str:tokenWhitelist.item|u32:1": "str:WEGLD-123456",
                        "str:tokenWhitelist.index|nested:str:ETH-123456": "2",
                        "str:tokenWhitelist.item|u32:2": "str:ETH-123456",
                        "str:tokenWhitelist.len": "2",
                        "str:mintBalances|nested:str:WEGLD-123456": "500,000,000,000",
                        "str:mintBalances|nested:str:ETH-123456": "500,000,000,000"
                    },
                    "owner": "sc:multisig",
                    "code": "file:../../esdt-safe/output/esdt-safe.wasm"
                }
            }
        },
        {
            "step": "setState",
            "accounts": {
                "address:owner": {
                    "nonce": "0",
                    "balance": "0",
                    "storage": {}
                },
                "address:relayer1": {
                    "nonce": "0",
                    "balance": "1000",
                    "storage": {}
                },
                "address:relayer2": {
                    "nonce": "0",
                    "balance": "1000",
                    "storage": {}
                },
                "address:user": {
                    "nonce": "0",
                    "balance": "0",
                    "esdt": {
                        "str:WEGLD-123456": "100,000,000,000",
                        "str:ETH-123456": "200,000,000,000"
                    },
                    "storage": {}
                },
                "sc:egld_esdt_swap": {
                    "nonce": "0",
                    "balance": "0",
                    "code": "sc:egld_esdt_swap"
                }
            },
            "newAddresses": [
                {
                    "creatorAddress": "address:owner",
                    "creatorNonce": "0",
                    "newAddress": "sc:multisig"
                }
            ]
        },
        {
            "step": "scDeploy",
            "txId": "deploy",
            "tx": {
                "from": "address:owner",
                "contractCode": "file:../output/multisig.wasm",
                "value": "0",
                "arguments": [
                    "sc:esdt_safe",
                    "sc:multi_transfer",
                    "sc:bridge_proxy",
                    "1000",
                    "500",
                    "2",
                    "address:relayer1",
                    "address:relayer2"
                ],
                "gasLimit": "40,000,000",
                "gasPrice": "0"
            },
            "expect": {
                "status": "0",
                "message": "",
                "gas": "*",
                "refund": "*"
            }
        },
        {
            "step": "checkState",
            "accounts": {
                "sc:multisig": {
                    "nonce": "*",
                    "balance": "0",
                    "storage": {
                        "str:esdtSafeAddress": "sc:esdt_safe",
                        "str:multiTransferEsdtAddress": "sc:multi_transfer",
                        "str:proxyAddress": "sc:bridge_proxy",
                        "str:num_board_members": "2",
                        "str:quorum": "2",
                        "str:requiredStakeAmount": "1000",
                        "str:slashAmount": "500",
                        "str:user_role|u32:1": "1",
                        "str:user_role|u32:2": "1",
                        "str:user_address_to_id|address:relayer1": "1",
                        "str:user_address_to_id|address:relayer2": "2",
                        "str:user_count": "2",
                        "str:user_id_to_address|u32:1": "address:relayer1",
                        "str:user_id_to_address|u32:2": "address:relayer2",
                        "str:pause_module:paused": "true"
                    },
                    "code": "file:../output/multisig.wasm"
                },
                "+": {}
            }
        },
        {
            "step": "scCall",
            "txId": "first-relayer-stake",
            "tx": {
                "from": "address:relayer1",
                "to": "sc:multisig",
                "value": "1000",
                "function": "stake",
                "arguments": [],
                "gasLimit": "35,000,000",
                "gasPrice": "0"
            },
            "expect": {
                "status": "0",
                "message": "",
                "out": [],
                "gas": "*",
                "refund": "*"
            }
        },
        {
            "step": "scQuery",
            "txId": "getAllStakedRelayers - only one staked",
            "tx": {
                "to": "sc:multisig",
                "function": "getAllStakedRelayers",
                "arguments": []
            },
            "expect": {
                "status": "0",
                "message": "",
                "out": [
                    "address:relayer1"
                ]
            }
        },
        {
            "step": "scCall",
            "txId": "second-relayer-stake",
            "tx": {
                "from": "address:relayer2",
                "to": "sc:multisig",
                "value": "1000",
                "function": "stake",
                "arguments": [],
                "gasLimit": "35,000,000",
                "gasPrice": "0"
            },
            "expect": {
                "status": "0",
                "message": "",
                "out": [],
                "gas": "*",
                "refund": "*"
            }
        },
        {
            "step": "checkState",
            "accounts": {
                "address:relayer1": {
                    "nonce": "1",
                    "balance": "0",
                    "storage": {}
                },
                "address:relayer2": {
                    "nonce": "1",
                    "balance": "0",
                    "storage": {}
                },
                "sc:multisig": {
                    "nonce": "*",
                    "balance": "2000",
                    "storage": {
                        "str:amountStaked|address:relayer1": "1000",
                        "str:amountStaked|address:relayer2": "1000",
                        "+": ""
                    },
                    "code": "file:../output/multisig.wasm"
                },
                "+": {}
            }
        },
        {
            "step": "scQuery",
            "txId": "getAllStakedRelayers - both staked",
            "tx": {
                "to": "sc:multisig",
                "function": "getAllStakedRelayers",
                "arguments": []
            },
            "expect": {
                "status": "0",
                "message": "",
                "out": [
                    "address:relayer1",
                    "address:relayer2"
                ]
            }
        },
        {
            "step": "scQuery",
            "txId": "get-all-known-tokens",
            "tx": {
                "to": "sc:esdt_safe",
                "function": "getAllKnownTokens"
            },
            "expect": {
                "out": [
                    "str:WEGLD-123456",
                    "str:ETH-123456"
                ]
            }
        },
        {
            "step": "scCall",
            "txId": "unpause multisig",
            "tx": {
                "from": "address:owner",
                "to": "sc:multisig",
                "function": "unpause",
                "arguments": [],
                "gasLimit": "100,000,000",
                "gasPrice": "0"
            },
            "expect": {
                "status": "0",
                "out": [],
                "message": "",
                "gas": "*",
                "refund": "*"
            }
        },
        {
            "step": "scCall",
            "txId": "add-token-1",
            "tx": {
                "from": "sc:multisig",
                "to": "sc:esdt_safe",
                "value": "0",
                "function": "addTokenToWhitelist",
                "arguments": [
                    "str:WEGLD-123456",
                    "str:WEGLD",
                    "true",
                    "false",
                    "0",
                    "1000000000000",
                    "0",
                    "500,000"
                ],
                "gasLimit": "50,000,000",
                "gasPrice": "0"
            },
            "expect": {
                "status": "0",
                "message": "",
                "gas": "*",
                "refund": "*"
            }
        },
        {
            "step": "scCall",
            "txId": "add-token-1",
            "tx": {
                "from": "sc:multisig",
                "to": "sc:esdt_safe",
                "value": "0",
                "function": "addTokenToWhitelist",
                "arguments": [
                    "str:ETH-123456",
                    "str:ETH",
                    "true",
                    "false",
                    "0",
                    "1000000000000",
                    "0",
                    "500,000"
                ],
                "gasLimit": "50,000,000",
                "gasPrice": "0"
            },
            "expect": {
                "status": "0",
                "message": "",
                "gas": "*",
                "refund": "*"
            }
        }
    ]
}