{
    "buildInfo": {
        "rustc": {
            "version": "1.59.0-nightly",
            "commitHash": "8f3238f898163f09726c3d2b2cc9bafb09da26f3",
            "commitDate": "2022-01-02",
            "channel": "Nightly",
            "short": "rustc 1.59.0-nightly (8f3238f89 2022-01-02)"
        },
        "contractCrate": {
            "name": "farm",
            "version": "0.0.0"
        },
        "framework": {
            "name": "elrond-wasm",
            "version": "0.23.0"
        }
    },
    "name": "Farm",
    "constructor": {
        "inputs": [
            {
                "name": "router_address",
                "type": "Address"
            },
            {
                "name": "reward_token_id",
                "type": "TokenIdentifier"
            },
            {
                "name": "farming_token_id",
                "type": "TokenIdentifier"
            },
            {
                "name": "locked_asset_factory_address",
                "type": "Address"
            },
            {
                "name": "division_safety_constant",
                "type": "BigUint"
            },
            {
                "name": "pair_contract_address",
                "type": "Address"
            }
        ],
        "outputs": []
    },
    "endpoints": [
        {
            "name": "enterFarm",
            "mutability": "mutable",
            "payableInTokens": ["*"],
            "inputs": [
                {
                    "name": "opt_accept_funds_func",
                    "type": "optional<bytes>",
                    "multi_arg": true
                }
            ],
            "outputs": [
                {
                    "type": "EsdtTokenPayment"
                }
            ]
        },
        {
            "name": "enterFarmAndLockRewards",
            "mutability": "mutable",
            "payableInTokens": ["*"],
            "inputs": [
                {
                    "name": "opt_accept_funds_func",
                    "type": "optional<bytes>",
                    "multi_arg": true
                }
            ],
            "outputs": [
                {
                    "type": "EsdtTokenPayment"
                }
            ]
        },
        {
            "name": "exitFarm",
            "mutability": "mutable",
            "payableInTokens": ["*"],
            "inputs": [
                {
                    "name": "opt_accept_funds_func",
                    "type": "optional<bytes>",
                    "multi_arg": true
                }
            ],
            "outputs": [
                {
                    "type": "EsdtTokenPayment"
                },
                {
                    "type": "EsdtTokenPayment"
                }
            ]
        },
        {
            "name": "claimRewards",
            "mutability": "mutable",
            "payableInTokens": ["*"],
            "inputs": [
                {
                    "name": "opt_accept_funds_func",
                    "type": "optional<bytes>",
                    "multi_arg": true
                }
            ],
            "outputs": [
                {
                    "type": "EsdtTokenPayment"
                },
                {
                    "type": "EsdtTokenPayment"
                }
            ]
        },
        {
            "name": "compoundRewards",
            "mutability": "mutable",
            "payableInTokens": ["*"],
            "inputs": [
                {
                    "name": "opt_accept_funds_func",
                    "type": "optional<bytes>",
                    "multi_arg": true
                }
            ],
            "outputs": [
                {
                    "type": "EsdtTokenPayment"
                }
            ]
        },
        {
            "name": "acceptFee",
            "mutability": "mutable",
            "payableInTokens": ["*"],
            "inputs": [],
            "outputs": []
        },
        {
            "name": "calculateRewardsForGivenPosition",
            "mutability": "readonly",
            "inputs": [
                {
                    "name": "amount",
                    "type": "BigUint"
                },
                {
                    "name": "attributes_raw",
                    "type": "bytes"
                }
            ],
            "outputs": [
                {
                    "type": "BigUint"
                }
            ]
        },
        {
            "name": "start_produce_rewards",
            "mutability": "mutable",
            "inputs": [],
            "outputs": []
        },
        {
            "name": "end_produce_rewards_as_owner",
            "mutability": "mutable",
            "inputs": [],
            "outputs": []
        },
        {
            "name": "setPerBlockRewardAmount",
            "mutability": "mutable",
            "inputs": [
                {
                    "name": "per_block_amount",
                    "type": "BigUint"
                }
            ],
            "outputs": []
        },
        {
            "name": "getRewardPerShare",
            "mutability": "readonly",
            "inputs": [],
            "outputs": [
                {
                    "type": "BigUint"
                }
            ]
        },
        {
            "name": "getRewardReserve",
            "mutability": "readonly",
            "inputs": [],
            "outputs": [
                {
                    "type": "BigUint"
                }
            ]
        },
        {
            "name": "getUndistributedFees",
            "mutability": "readonly",
            "inputs": [],
            "outputs": [
                {
                    "type": "BigUint"
                }
            ]
        },
        {
            "name": "getCurrentBlockFee",
            "mutability": "readonly",
            "inputs": [],
            "outputs": [
                {
                    "type": "Option<tuple<u64,BigUint>>"
                }
            ]
        },
        {
            "name": "set_penalty_percent",
            "mutability": "mutable",
            "inputs": [
                {
                    "name": "percent",
                    "type": "u64"
                }
            ],
            "outputs": []
        },
        {
            "name": "set_locked_rewards_apr_multiplier",
            "mutability": "mutable",
            "inputs": [
                {
                    "name": "muliplier",
                    "type": "u8"
                }
            ],
            "outputs": []
        },
        {
            "name": "set_minimum_farming_epochs",
            "mutability": "mutable",
            "inputs": [
                {
                    "name": "epochs",
                    "type": "u8"
                }
            ],
            "outputs": []
        },
        {
            "name": "set_transfer_exec_gas_limit",
            "mutability": "mutable",
            "inputs": [
                {
                    "name": "gas_limit",
                    "type": "u64"
                }
            ],
            "outputs": []
        },
        {
            "name": "pause",
            "mutability": "mutable",
            "inputs": [],
            "outputs": []
        },
        {
            "name": "resume",
            "mutability": "mutable",
            "inputs": [],
            "outputs": []
        },
        {
            "name": "getFarmTokenSupply",
            "mutability": "readonly",
            "inputs": [],
            "outputs": [
                {
                    "type": "BigUint"
                }
            ]
        },
        {
            "name": "getLastErrorMessage",
            "mutability": "readonly",
            "inputs": [],
            "outputs": [
                {
                    "type": "bytes"
                }
            ]
        },
        {
            "name": "getRouterManagedAddress",
            "mutability": "readonly",
            "inputs": [],
            "outputs": [
                {
                    "type": "Address"
                }
            ]
        },
        {
            "name": "getState",
            "mutability": "readonly",
            "inputs": [],
            "outputs": [
                {
                    "type": "State"
                }
            ]
        },
        {
            "name": "getOwner",
            "mutability": "readonly",
            "inputs": [],
            "outputs": [
                {
                    "type": "Address"
                }
            ]
        },
        {
            "name": "getFarmingTokenId",
            "mutability": "readonly",
            "inputs": [],
            "outputs": [
                {
                    "type": "TokenIdentifier"
                }
            ]
        },
        {
            "name": "getRewardTokenId",
            "mutability": "readonly",
            "inputs": [],
            "outputs": [
                {
                    "type": "TokenIdentifier"
                }
            ]
        },
        {
            "name": "getLockedAssetFactoryManagedAddress",
            "mutability": "readonly",
            "inputs": [],
            "outputs": [
                {
                    "type": "Address"
                }
            ]
        },
        {
            "name": "getPenaltyPercent",
            "mutability": "readonly",
            "inputs": [],
            "outputs": [
                {
                    "type": "u64"
                }
            ]
        },
        {
            "name": "getLockedRewardAprMuliplier",
            "mutability": "readonly",
            "inputs": [],
            "outputs": [
                {
                    "type": "u8"
                }
            ]
        },
        {
            "name": "getMinimumFarmingEpoch",
            "mutability": "readonly",
            "inputs": [],
            "outputs": [
                {
                    "type": "u8"
                }
            ]
        },
        {
            "name": "getPerBlockRewardAmount",
            "mutability": "readonly",
            "inputs": [],
            "outputs": [
                {
                    "type": "BigUint"
                }
            ]
        },
        {
            "name": "getLastRewardBlockNonce",
            "mutability": "readonly",
            "inputs": [],
            "outputs": [
                {
                    "type": "u64"
                }
            ]
        },
        {
            "name": "getFarmTokenId",
            "mutability": "readonly",
            "inputs": [],
            "outputs": [
                {
                    "type": "TokenIdentifier"
                }
            ]
        },
        {
            "name": "getDivisionSafetyConstant",
            "mutability": "readonly",
            "inputs": [],
            "outputs": [
                {
                    "type": "BigUint"
                }
            ]
        },
        {
            "name": "getPairContractManagedAddress",
            "mutability": "readonly",
            "inputs": [],
            "outputs": [
                {
                    "type": "Address"
                }
            ]
        },
        {
            "name": "getBurnedTokenAmount",
            "mutability": "readonly",
            "inputs": [
                {
                    "name": "token_id",
                    "type": "TokenIdentifier"
                }
            ],
            "outputs": [
                {
                    "type": "BigUint"
                }
            ]
        },
        {
            "name": "getFarmingTokenReserve",
            "mutability": "readonly",
            "inputs": [],
            "outputs": [
                {
                    "type": "BigUint"
                }
            ]
        },
        {
            "name": "getTransferExecGasLimit",
            "mutability": "readonly",
            "inputs": [],
            "outputs": [
                {
                    "type": "u64"
                }
            ]
        },
        {
            "name": "registerFarmToken",
            "mutability": "mutable",
            "payableInTokens": ["EGLD"],
            "inputs": [
                {
                    "name": "token_display_name",
                    "type": "bytes"
                },
                {
                    "name": "token_ticker",
                    "type": "bytes"
                },
                {
                    "name": "num_decimals",
                    "type": "u32"
                }
            ],
            "outputs": []
        },
        {
            "name": "setLocalRolesFarmToken",
            "mutability": "mutable",
            "inputs": [],
            "outputs": []
        },
        {
            "name": "mergeFarmTokens",
            "mutability": "mutable",
            "payableInTokens": ["*"],
            "inputs": [
                {
                    "name": "opt_accept_funds_func",
                    "type": "optional<bytes>",
                    "multi_arg": true
                }
            ],
            "outputs": [
                {
                    "type": "EsdtTokenPayment"
                }
            ]
        },
        {
            "name": "migrateToNewFarm",
            "mutability": "mutable",
            "payableInTokens": ["*"],
            "inputs": [
                {
                    "name": "orig_caller",
                    "type": "Address"
                }
            ],
            "outputs": [
                {
                    "type": "EsdtTokenPayment"
                }
            ]
        },
        {
            "name": "setFarmMigrationConfig",
            "onlyOwner": true,
            "mutability": "mutable",
            "inputs": [
                {
                    "name": "old_farm_address",
                    "type": "Address"
                },
                {
                    "name": "old_farm_token_id",
                    "type": "TokenIdentifier"
                },
                {
                    "name": "new_farm_address",
                    "type": "Address"
                },
                {
                    "name": "new_farm_with_lock_address",
                    "type": "Address"
                }
            ],
            "outputs": []
        },
        {
            "name": "stopRewardsAndMigrateRps",
            "onlyOwner": true,
            "mutability": "mutable",
            "inputs": [],
            "outputs": []
        },
        {
            "name": "getFarmMigrationConfiguration",
            "mutability": "readonly",
            "inputs": [],
            "outputs": [
                {
                    "type": "FarmMigrationConfig"
                }
            ]
        }
    ],
    "hasCallback": true,
    "types": {
        "EsdtTokenPayment": {
            "type": "struct",
            "fields": [
                {
                    "name": "token_type",
                    "type": "EsdtTokenType"
                },
                {
                    "name": "token_identifier",
                    "type": "TokenIdentifier"
                },
                {
                    "name": "token_nonce",
                    "type": "u64"
                },
                {
                    "name": "amount",
                    "type": "BigUint"
                }
            ]
        },
        "EsdtTokenType": {
            "type": "enum",
            "variants": [
                {
                    "name": "Fungible",
                    "discriminant": 0
                },
                {
                    "name": "NonFungible",
                    "discriminant": 1
                },
                {
                    "name": "SemiFungible",
                    "discriminant": 2
                },
                {
                    "name": "Meta",
                    "discriminant": 3
                },
                {
                    "name": "Invalid",
                    "discriminant": 4
                }
            ]
        },
        "FarmMigrationConfig": {
            "type": "struct",
            "fields": [
                {
                    "name": "migration_role",
                    "type": "FarmMigrationRole"
                },
                {
                    "name": "old_farm_address",
                    "type": "Address"
                },
                {
                    "name": "old_farm_token_id",
                    "type": "TokenIdentifier"
                },
                {
                    "name": "new_farm_address",
                    "type": "Address"
                },
                {
                    "name": "new_farm_with_lock_address",
                    "type": "Address"
                }
            ]
        },
        "FarmMigrationRole": {
            "type": "enum",
            "variants": [
                {
                    "name": "Old",
                    "discriminant": 0
                },
                {
                    "name": "New",
                    "discriminant": 1
                },
                {
                    "name": "NewWithLock",
                    "discriminant": 2
                }
            ]
        },
        "State": {
            "type": "enum",
            "variants": [
                {
                    "name": "Inactive",
                    "discriminant": 0
                },
                {
                    "name": "Active",
                    "discriminant": 1
                },
                {
                    "name": "Migrate",
                    "discriminant": 2
                }
            ]
        }
    }
}
