{
	"index_patterns": [
		"tokens-*"
	],
	"mappings": {
		"properties": {
			"data": {
				"properties": {
					"attributes": {
						"type": "text"
					},
					"creator": {
						"type": "text"
					},
					"metadata": {
						"type": "text"
					},
					"name": {
						"type": "text"
					},
					"ownersHistory": {
						"properties": {
							"timestamp": {
								"format": "epoch_second",
								"type": "date"
							}
						},
						"type": "nested"
					},
					"tags": {
						"type": "text"
					}
				},
				"type": "nested"
			},
			"nonce": {
				"type": "double"
			},
			"timestamp": {
				"format": "epoch_second",
				"type": "date"
			},
			"roles": {
				"type": "nested"
			}
		}
	},
	"settings": {
		"number_of_replicas": 0,
		"number_of_shards": 3
	}
}
