{
    "name": "init",
    "steps": [
        {
            "step": "setState",
            "accounts": {
                "address:node_address": {
                    "nonce": "0",
                    "balance": "0",
                    "storage": {},
                    "code": ""
                },
                "sc:auction": {
                    "nonce": "0",
                    "balance": "0",
                    "storage": {
                        "str:stake_per_node": "111,000,000,000,000"
                    },
                    "code": "file:../../../../auction-mock/output/auction-mock.wasm"
                },
                "address:someone": {
                    "nonce": "0",
                    "balance": "0",
                    "storage": {},
                    "code": ""
                },
                "address:endless_sack_of_erd": {
                    "nonce": "0",
                    "balance": "1,000,000,000,000,000,000,000,000,000,000",
                    "storage": {},
                    "code": ""
                },
                "address:delegator1": {
                    "comment": "starting with 0 balance, transferring funds only when needed to make it easier to keep track of rewards",
                    "nonce": "0",
                    "balance": "0",
                    "storage": {},
                    "code": ""
                },
                "address:delegator2": {
                    "nonce": "0",
                    "balance": "0",
                    "storage": {},
                    "code": ""
                },
                "address:delegator3": {
                    "nonce": "0",
                    "balance": "0",
                    "storage": {},
                    "code": ""
                }
            }
        }
    ]
}
