{
    "name": "check nodes",
    "steps": [
        {
            "step": "scCall",
            "txId": "03c-node-states",
            "tx": {
                "from": "address:someone",
                "to": "sc:delegation",
                "value": "0",
                "function": "getAllNodeStates",
                "arguments": [],
                "gasLimit": "1,000,000",
                "gasPrice": "0"
            },
            "expect": {
                "out": [
                    "str:bls_key_1_______________________________________________________________________________________", "7",
                    "str:bls_key_2_______________________________________________________________________________________", "0",
                    "str:bls_key_3_______________________________________________________________________________________", "0",
                    "str:bls_key_4_______________________________________________________________________________________", "7",
                    "str:bls_key_5_______________________________________________________________________________________", "0",
                    "str:bls_key_6_______________________________________________________________________________________", "0",
                    "str:bls_key_7_______________________________________________________________________________________", "7"
                ],
                "status": "",
                "logs": [],
                "gas": "*",
                "refund": "*"
            }
        },
        {
            "step": "scCall",
            "txId": "check signature",
            "tx": {
                "from": "address:someone",
                "to": "sc:delegation",
                "value": "0",
                "function": "getNodeSignature",
                "arguments": [
                    "str:bls_key_3_______________________________________________________________________________________"
                ],
                "gasLimit": "1,000,000",
                "gasPrice": "0"
            },
            "expect": {
                "out": [ "str:signature_3_____________________" ],
                "status": "",
                "logs": [],
                "gas": "*",
                "refund": "*"
            }
        },
        {
            "step": "scCall",
            "txId": "check signature for node that doesn't exist",
            "tx": {
                "from": "address:someone",
                "to": "sc:delegation",
                "value": "0",
                "function": "getNodeSignature",
                "arguments": [
                    "str:bls_key_z_______________________________________________________________________________________"
                ],
                "gasLimit": "1,000,000",
                "gasPrice": "0"
            },
            "expect": {
                "out": [ ],
                "status": "",
                "logs": [],
                "gas": "*",
                "refund": "*"
            }
        }
    ]
}
