{
    "name": "check stake pt 1",
    "steps": [
        {
            "step": "scCall",
            "txId": "check-stake-by-type-3_total",
            "tx": {
                "from": "address:someone",
                "to": "sc:delegation",
                "value": "0",
                "function": "getTotalStakeByType",
                "arguments": [],
                "gasLimit": "1,000,000",
                "gasPrice": "0"
            },
            "expect": {
                "out": [
                    "0", "444,000,000,000,000", "0", "0", "0", "0", "0"
                ],
                "status": "",
                "logs": [],
                "gas": "*",
                "refund": "*"
            }
        },
        {
            "step": "scCall",
            "txId": "check-total_stake-3",
            "tx": {
                "from": "address:someone",
                "to": "sc:delegation",
                "value": "0",
                "function": "totalStake",
                "arguments": [],
                "gasLimit": "1,000,000",
                "gasPrice": "0"
            },
            "expect": {
                "out": [ "444,000,000,000,000" ],
                "status": "",
                "logs": [],
                "gas": "*",
                "refund": "*"
            }
        },
        {
            "step": "scCall",
            "txId": "check-stake-by-type-3_1",
            "tx": {
                "from": "address:someone",
                "to": "sc:delegation",
                "value": "0",
                "function": "getUserStakeByType",
                "arguments": [
                    "address:delegator1"
                ],
                "gasLimit": "1,000,000",
                "gasPrice": "0"
            },
            "expect": {
                "out": [
                    "0", "300,000,000,000,000", "0", "0", "0", "0", "0"
                ],
                "status": "",
                "logs": [],
                "gas": "*",
                "refund": "*"
            }
        },
        {
            "step": "scCall",
            "txId": "check-stake-by-type-3_2",
            "tx": {
                "from": "address:someone",
                "to": "sc:delegation",
                "value": "0",
                "function": "getUserStakeByType",
                "arguments": [
                    "address:delegator2"
                ],
                "gasLimit": "1,000,000",
                "gasPrice": "0"
            },
            "expect": {
                "out": [
                    "0", "033,000,000,000,000", "0", "0", "0", "0", "0"
                ],
                "status": "",
                "logs": [],
                "gas": "*",
                "refund": "*"
            }
        },
        {
            "step": "scCall",
            "txId": "check-stake-by-type-3_3",
            "tx": {
                "from": "address:someone",
                "to": "sc:delegation",
                "value": "0",
                "function": "getUserStakeByType",
                "arguments": [
                    "address:delegator3"
                ],
                "gasLimit": "1,000,000",
                "gasPrice": "0"
            },
            "expect": {
                "out": [
                    "0", "111,000,000,000,000", "0", "0", "0", "0", "0"
                ],
                "status": "",
                "logs": [],
                "gas": "*",
                "refund": "*"
            }
        }
    ]
}
