{
    "name": "genesis activate",
    "steps": [
        {
            "step": "scCall",
            "txId": "activate-genesis-1",
            "tx": {
                "from": "address:node_address",
                "to": "sc:delegation",
                "value": "0",
                "function": "activateGenesis",
                "arguments": [],
                "gasLimit": "100,000,000",
                "gasPrice": "0"
            },
            "expect": {
                "out": [],
                "status": "",
                "logs": [
                    {
                        "address": "sc:delegation",
                        "identifier": "0x0000000000000000000000000000000000000000000000000000000000000003",
                        "topics": [],
                        "data": "0x"
                    }
                ],
                "gas": "*",
                "refund": "*"
            }
        }
    ]
}
