{
    "docs": [
        "One of the simplest smart contracts possible,",
        "it holds a single variable in storage, which anyone can increment."
    ],
    "name": "Adder",
    "constructor": {
        "inputs": [
            {
                "name": "initial_value",
                "type": "BigUint"
            }
        ],
        "outputs": []
    },
    "endpoints": [
        {
            "name": "getSum",
            "mutability": "readonly",
            "inputs": [],
            "outputs": [
                {
                    "type": "BigUint"
                }
            ]
        },
        {
            "docs": [
                "Add desired amount to the storage variable."
            ],
            "name": "add",
            "mutability": "mutable",
            "inputs": [
                {
                    "name": "value",
                    "type": "BigUint"
                }
            ],
            "outputs": []
        }
    ],
    "events": [],
    "hasCallback": false,
    "types": {}
}
