{
    "endpoints": [
        {
            "name": "deposit",
            "inputs": [
                {
                    "name": "to",
                    "type": "Address"
                },
                {
                    "name": "opt_transfer_data",
                    "type": "optional<TransferData>",
                    "multi_arg": true
                }
            ],
            "outputs": []
        }
    ],
    "events": [
        {
            "identifier": "deposit",
            "inputs": [
                {
                    "name": "dest_address",
                    "type": "Address",
                    "indexed": true
                },
                {
                    "name": "tokens",
                    "type": "List<EsdtTokenPayment>",
                    "indexed": true
                },
                {
                    "name": "event_data",
                    "type": "DepositEvent"
                }
            ]
        }
    ],
    "types": {
        "DepositEvent": {
            "type": "struct",
            "fields": [
                {
                    "name": "tx_nonce",
                    "type": "u64"
                },
                {
                    "name": "opt_function",
                    "type": "Option<bytes>"
                },
                {
                    "name": "opt_arguments",
                    "type": "Option<List<bytes>>"
                },
                {
                    "name": "opt_gas_limit",
                    "type": "Option<u64>"
                }
            ]
        },
        "EsdtTokenPayment": {
            "type": "struct",
            "fields": [
                {
                    "name": "token_identifier",
                    "type": "TokenIdentifier"
                },
                {
                    "name": "token_nonce",
                    "type": "u64"
                },
                {
                    "name": "amount",
                    "type": "BigUint"
                }
            ]
        },
        "TransferData": {
            "type": "struct",
            "fields": [
                {
                    "name": "gas_limit",
                    "type": "u64"
                },
                {
                    "name": "function",
                    "type": "bytes"
                },
                {
                    "name": "args",
                    "type": "List<bytes>"
                }
            ]
        },
        "Reward": {
            "type": "struct",
            "fields": [
                {
                    "name": "reward_type",
                    "type": "RewardType"
                },
                {
                    "name": "reward_token_id",
                    "type": "EgldOrEsdtTokenIdentifier"
                },
                {
                    "name": "value",
                    "type": "BigUint"
                },
                {
                    "name": "description",
                    "type": "bytes"
                },
                {
                    "name": "percentage_chance",
                    "type": "u64"
                },
                {
                    "name": "epochs_cooldown",
                    "type": "u64"
                }
            ]
        },
        "RewardType": {
            "type": "enum",
            "variants": [
                {
                    "name": "None",
                    "discriminant": 0
                },
                {
                    "name": "ExperiencePoints",
                    "discriminant": 1
                },
                {
                    "name": "MysteryBox",
                    "discriminant": 2
                },
                {
                    "name": "SFT",
                    "discriminant": 3
                },
                {
                    "name": "PercentValue",
                    "discriminant": 4
                },
                {
                    "name": "FixedValue",
                    "discriminant": 5
                },
                {
                    "name": "CustomReward",
                    "discriminant": 6
                }
            ]
        }
    }
}
