{
    "name": "activate nodes scenario",
    "gasSchedule": "v3",
    "steps": [
        {
            "step": "externalSteps",
            "path": "steps/init_accounts.steps.json"
        },
        {
            "step": "externalSteps",
            "path": "steps/deploy.steps.json"
        },
        {
            "step": "externalSteps",
            "path": "steps/add_nodes.steps.json"
        },
        {
            "step": "externalSteps",
            "path": "steps/stake_1.steps.json"
        },
        {
            "step": "externalSteps",
            "path": "steps/increase_cap.steps.json"
        },
        {
            "step": "externalSteps",
            "path": "steps/activate_nodes.steps.json"
        },
        {
            "step": "scCall",
            "id": "unstake not active ",
            "tx": {
                "from": "address:node_address",
                "to": "sc:delegation",
                "function": "unStakeNodes",
                "arguments": [
                    "str:bls_key_6_______________________________________________________________________________________",
                    "str:bls_key_1_______________________________________________________________________________________"
                ],
                "gasLimit": "100,000,000",
                "gasPrice": "0"
            },
            "expect": {
                "out": [],
                "status": "4",
                "message": "str:node not active",
                "logs": "*",
                "gas": "*",
                "refund": "*"
            }
        },
        {
            "step": "scCall",
            "id": "check-nodes_state-1",
            "tx": {
                "from": "address:someone",
                "to": "sc:delegation",
                "function": "getAllNodeStates",
                "arguments": [],
                "gasLimit": "100,000,000",
                "gasPrice": "0"
            },
            "expect": {
                "out": [
                    "str:bls_key_1_______________________________________________________________________________________",
                    "7",
                    "str:bls_key_2_______________________________________________________________________________________",
                    "3",
                    "str:bls_key_3_______________________________________________________________________________________",
                    "3",
                    "str:bls_key_4_______________________________________________________________________________________",
                    "7",
                    "str:bls_key_5_______________________________________________________________________________________",
                    "0",
                    "str:bls_key_6_______________________________________________________________________________________",
                    "3",
                    "str:bls_key_7_______________________________________________________________________________________",
                    "7"
                ],
                "status": "",
                "logs": "*",
                "gas": "*",
                "refund": "*"
            }
        },
        {
            "step": "scCall",
            "id": "unstake active",
            "tx": {
                "from": "address:node_address",
                "to": "sc:delegation",
                "function": "unStakeNodes",
                "arguments": [
                    "str:bls_key_6_______________________________________________________________________________________"
                ],
                "gasLimit": "100,000,000",
                "gasPrice": "0"
            },
            "expect": {
                "out": [],
                "status": "",
                "logs": "*",
                "gas": "*",
                "refund": "*"
            }
        },
        {
            "step": "scCall",
            "id": "check-nodes_state-2",
            "tx": {
                "from": "address:someone",
                "to": "sc:delegation",
                "function": "getAllNodeStates",
                "arguments": [],
                "gasLimit": "100,000,000",
                "gasPrice": "0"
            },
            "expect": {
                "out": [
                    "str:bls_key_1_______________________________________________________________________________________",
                    "7",
                    "str:bls_key_2_______________________________________________________________________________________",
                    "3",
                    "str:bls_key_3_______________________________________________________________________________________",
                    "3",
                    "str:bls_key_4_______________________________________________________________________________________",
                    "7",
                    "str:bls_key_5_______________________________________________________________________________________",
                    "0",
                    "str:bls_key_6_______________________________________________________________________________________",
                    "5",
                    "str:bls_key_7_______________________________________________________________________________________",
                    "7"
                ],
                "status": "",
                "logs": "*",
                "gas": "*",
                "refund": "*"
            }
        },
        {
            "step": "scCall",
            "id": "unBond active",
            "tx": {
                "from": "address:node_address",
                "to": "sc:delegation",
                "function": "unBondNodes",
                "arguments": [
                    "str:bls_key_2_______________________________________________________________________________________"
                ],
                "gasLimit": "100,000,000",
                "gasPrice": "0"
            },
            "expect": {
                "out": [],
                "status": "4",
                "message": "str:node cannot be unbonded",
                "logs": "*",
                "gas": "*",
                "refund": "*"
            }
        },
        {
            "step": "scCall",
            "id": "check-nodes_state-3",
            "tx": {
                "from": "address:someone",
                "to": "sc:delegation",
                "function": "getAllNodeStates",
                "arguments": [],
                "gasLimit": "100,000,000",
                "gasPrice": "0"
            },
            "expect": {
                "out": [
                    "str:bls_key_1_______________________________________________________________________________________",
                    "7",
                    "str:bls_key_2_______________________________________________________________________________________",
                    "3",
                    "str:bls_key_3_______________________________________________________________________________________",
                    "3",
                    "str:bls_key_4_______________________________________________________________________________________",
                    "7",
                    "str:bls_key_5_______________________________________________________________________________________",
                    "0",
                    "str:bls_key_6_______________________________________________________________________________________",
                    "5",
                    "str:bls_key_7_______________________________________________________________________________________",
                    "7"
                ],
                "status": "",
                "logs": "*",
                "gas": "*",
                "refund": "*"
            }
        },
        {
            "step": "scCall",
            "id": "check-nodes_state-4",
            "tx": {
                "from": "address:someone",
                "to": "sc:delegation",
                "function": "getAllNodeStates",
                "arguments": [],
                "gasLimit": "100,000,000",
                "gasPrice": "0"
            },
            "expect": {
                "out": [
                    "str:bls_key_1_______________________________________________________________________________________",
                    "7",
                    "str:bls_key_2_______________________________________________________________________________________",
                    "3",
                    "str:bls_key_3_______________________________________________________________________________________",
                    "3",
                    "str:bls_key_4_______________________________________________________________________________________",
                    "7",
                    "str:bls_key_5_______________________________________________________________________________________",
                    "0",
                    "str:bls_key_6_______________________________________________________________________________________",
                    "5",
                    "str:bls_key_7_______________________________________________________________________________________",
                    "7"
                ],
                "status": "",
                "logs": "*",
                "gas": "*",
                "refund": "*"
            }
        },
        {
            "step": "setState",
            "comment": "block nonce for unbond, just in time",
            "currentBlockInfo": {
                "blockNonce": "61"
            }
        },
        {
            "step": "scCall",
            "id": "unBond unStaked 1",
            "tx": {
                "from": "address:node_address",
                "to": "sc:delegation",
                "function": "unBondNodes",
                "arguments": [
                    "str:bls_key_6_______________________________________________________________________________________"
                ],
                "gasLimit": "100,000,000",
                "gasPrice": "0"
            },
            "expect": {
                "out": [],
                "status": "",
                "logs": [
                    {
                        "address": "sc:delegation",
                        "endpoint": "str:transferValueOnly",
                        "topics": [                            
                            "",
                            "*"
                        ],
                        "data": [
                            "str:AsyncCall",
                            "str:unBondNodes",
                            "str:bls_key_6_______________________________________________________________________________________"
                        ]
                    },
                    {
                        "address": "sc:auction",
                        "endpoint": "str:transferValueOnly",
                        "topics": [                            
                            "100,000,000,000,000",
                            "sc:delegation"
                        ],
                        "data": [
                            "str:BackTransfer",
                            "0"
                        ]
                    },
                    {
                        "address": "sc:auction",
                        "endpoint": "str:transferValueOnly",
                        "topics": [                            
                            "",
                            "sc:delegation"
                        ],
                        "data": [
                            "str:AsyncCallback",
                            "str:callBack",
                            "0x00"
                        ]
                    },
                    {
                        "address": "sc:delegation",
                        "endpoint": "str:callBack",
                        "topics": [
                            "str:nodeUnbondOk"
                        ],
                        "data": [
                            ""
                        ]
                    }
                ],
                "gas": "*",
                "refund": "*"
            }
        },
        {
            "step": "scCall",
            "id": "check-nodes_state-5",
            "tx": {
                "from": "address:someone",
                "to": "sc:delegation",
                "function": "getAllNodeStates",
                "arguments": [],
                "gasLimit": "100,000,000",
                "gasPrice": "0"
            },
            "expect": {
                "out": [
                    "str:bls_key_1_______________________________________________________________________________________",
                    "7",
                    "str:bls_key_2_______________________________________________________________________________________",
                    "3",
                    "str:bls_key_3_______________________________________________________________________________________",
                    "3",
                    "str:bls_key_4_______________________________________________________________________________________",
                    "7",
                    "str:bls_key_5_______________________________________________________________________________________",
                    "0",
                    "str:bls_key_6_______________________________________________________________________________________",
                    "0",
                    "str:bls_key_7_______________________________________________________________________________________",
                    "7"
                ],
                "status": "",
                "logs": "*",
                "gas": "*",
                "refund": "*"
            }
        },
        {
            "step": "checkState",
            "accounts": {
                "sc:auction": {
                    "nonce": "0",
                    "balance": "200,000,000,000,000",
                    "storage": "*",
                    "code": "file:../../auction-mock/output/auction-mock.wasm"
                },
                "+": ""
            }
        },
        {
            "step": "scCall",
            "id": "unBond unStaked 2",
            "tx": {
                "from": "address:node_address",
                "to": "sc:delegation",
                "function": "unStakeNodes",
                "arguments": [
                    "str:bls_key_2_______________________________________________________________________________________"
                ],
                "gasLimit": "100,000,000",
                "gasPrice": "0"
            },
            "expect": {
                "out": [],
                "status": "",
                "logs": "*",
                "gas": "*",
                "refund": "*"
            }
        },
        {
            "step": "setState",
            "comment": "block nonce for unbond, just in time",
            "currentBlockInfo": {
                "blockNonce": "130"
            }
        },
        {
            "step": "scCall",
            "id": "unBond unStaked 3",
            "tx": {
                "from": "address:node_address",
                "to": "sc:delegation",
                "function": "unStakeNodes",
                "arguments": [
                    "str:bls_key_3_______________________________________________________________________________________"
                ],
                "gasLimit": "100,000,000",
                "gasPrice": "0"
            },
            "expect": {
                "out": [],
                "status": "",
                "logs": "*",
                "gas": "*",
                "refund": "*"
            }
        },
        {
            "step": "scCall",
            "id": "check-nodes_state-6",
            "tx": {
                "from": "address:someone",
                "to": "sc:delegation",
                "function": "getAllNodeStates",
                "arguments": [],
                "gasLimit": "100,000,000",
                "gasPrice": "0"
            },
            "expect": {
                "out": [
                    "str:bls_key_1_______________________________________________________________________________________",
                    "7",
                    "str:bls_key_2_______________________________________________________________________________________",
                    "5",
                    "str:bls_key_3_______________________________________________________________________________________",
                    "5",
                    "str:bls_key_4_______________________________________________________________________________________",
                    "7",
                    "str:bls_key_5_______________________________________________________________________________________",
                    "0",
                    "str:bls_key_6_______________________________________________________________________________________",
                    "0",
                    "str:bls_key_7_______________________________________________________________________________________",
                    "7"
                ],
                "status": "",
                "logs": "*",
                "gas": "*",
                "refund": "*"
            }
        },
        {
            "step": "scCall",
            "id": "unBond all possible",
            "tx": {
                "from": "address:node_address",
                "to": "sc:delegation",
                "function": "unBondAllPossibleNodes",
                "arguments": [],
                "gasLimit": "100,000,000",
                "gasPrice": "0"
            },
            "expect": {
                "out": [],
                "status": "",
                "logs": "*",
                "gas": "*",
                "refund": "*"
            }
        },
        {
            "step": "scCall",
            "id": "check-nodes_state-7",
            "tx": {
                "from": "address:someone",
                "to": "sc:delegation",
                "function": "getAllNodeStates",
                "arguments": [],
                "gasLimit": "100,000,000",
                "gasPrice": "0"
            },
            "expect": {
                "out": [
                    "str:bls_key_1_______________________________________________________________________________________",
                    "7",
                    "str:bls_key_2_______________________________________________________________________________________",
                    "0",
                    "str:bls_key_3_______________________________________________________________________________________",
                    "0",
                    "str:bls_key_4_______________________________________________________________________________________",
                    "7",
                    "str:bls_key_5_______________________________________________________________________________________",
                    "0",
                    "str:bls_key_6_______________________________________________________________________________________",
                    "0",
                    "str:bls_key_7_______________________________________________________________________________________",
                    "7"
                ],
                "status": "",
                "logs": "*",
                "gas": "*",
                "refund": "*"
            }
        },
        {
            "step": "checkState",
            "accounts": {
                "sc:auction": {
                    "nonce": "0",
                    "balance": "0",
                    "storage": "*",
                    "code": "file:../../auction-mock/output/auction-mock.wasm"
                },
                "+": ""
            }
        }
    ]
}
