{
    "name": "owner with stake claims rewards scenario",
    "gasSchedule": "v3",
    "steps": [
        {
            "step": "externalSteps",
            "path": "steps/init_accounts.steps.json"
        },
        {
            "step": "externalSteps",
            "path": "steps/deploy.steps.json"
        },
        {
            "step": "externalSteps",
            "path": "steps/add_nodes.steps.json"
        },
        {
            "step": "externalSteps",
            "path": "steps/stake_1.steps.json"
        },
        {
            "step": "externalSteps",
            "path": "steps/increase_cap.steps.json"
        },
        {
            "step": "scCall",
            "id": "user-unstake",
            "comment": "unStake 1,000,000,000 from delegator_1 so that the first delegator has 33,(3)% stake, and the second one 66,(6)%",
            "tx": {
                "from": "address:delegator1",
                "to": "sc:delegation",
                "function": "unStake",
                "arguments": [
                    "1,000,000,000"
                ],
                "gasLimit": "100,000,000",
                "gasPrice": "0"
            },
            "expect": {
                "out": [],
                "status": "",
                "logs": "*",
                "gas": "*",
                "refund": "*"
            }
        },
        {
            "step": "transfer",
            "id": "supply owner",
            "tx": {
                "from": "address:endless_sack_of_erd",
                "to": "address:node_address",
                "egldValue": "100,000,000,000,000"
            }
        },
        {
            "step": "scCall",
            "id": "owner stake",
            "tx": {
                "from": "address:node_address",
                "to": "sc:delegation",
                "egldValue": "100,000,000,000,000",
                "function": "stake",
                "arguments": [],
                "gasLimit": "100,000,000",
                "gasPrice": "0"
            },
            "expect": {
                "out": [],
                "status": "",
                "logs": [
                    {
                        "address": "sc:delegation",
                        "endpoint": "str:stake",
                        "topics": [
                            "str:userStake",
                            "address:node_address"
                        ],
                        "data": [
                            "100,000,000,000,000"
                        ]
                    }
                ],
                "gas": "*",
                "refund": "*"
            }
        },
        {
            "step": "validatorReward",
            "id": "validatorReward-1",
            "tx": {
                "to": "sc:delegation",
                "egldValue": "100,000,000"
            }
        },
        {
            "step": "scCall",
            "id": "user-unstake",
            "tx": {
                "from": "address:delegator2",
                "to": "sc:delegation",
                "function": "unStake",
                "arguments": [
                    "100,000,000,000,000"
                ],
                "gasLimit": "100,000,000",
                "gasPrice": "0"
            },
            "expect": {
                "out": [],
                "status": "",
                "logs": "*",
                "gas": "*",
                "refund": "*"
            }
        },
        {
            "step": "validatorReward",
            "id": "validatorReward-2",
            "tx": {
                "to": "sc:delegation",
                "egldValue": "100,000,000"
            }
        },
        {
            "step": "scCall",
            "id": "get-total-cumulated-1",
            "tx": {
                "from": "address:someone",
                "to": "sc:delegation",
                "function": "getTotalCumulatedRewards",
                "arguments": [],
                "gasLimit": "100,000,000",
                "gasPrice": "0"
            },
            "expect": {
                "out": [
                    "200,000,000"
                ],
                "status": "",
                "logs": "*",
                "gas": "*",
                "refund": "*"
            }
        },
        {
            "step": "scCall",
            "id": "claimable-0",
            "tx": {
                "from": "address:someone",
                "to": "sc:delegation",
                "function": "getClaimableRewards",
                "arguments": [
                    "address:node_address"
                ],
                "gasLimit": "100,000,000",
                "gasPrice": "0"
            },
            "expect": {
                "out": [
                    "116,666,666"
                ],
                "status": "",
                "logs": "*",
                "gas": "*",
                "refund": "*"
            }
        },
        {
            "step": "scCall",
            "id": "claimable-1",
            "tx": {
                "from": "address:someone",
                "to": "sc:delegation",
                "function": "getClaimableRewards",
                "arguments": [
                    "address:delegator1"
                ],
                "gasLimit": "100,000,000",
                "gasPrice": "0"
            },
            "expect": {
                "out": [
                    "33,333,333"
                ],
                "status": "",
                "logs": "*",
                "gas": "*",
                "refund": "*"
            }
        },
        {
            "step": "scCall",
            "id": "claimable-2",
            "tx": {
                "from": "address:someone",
                "to": "sc:delegation",
                "function": "getClaimableRewards",
                "arguments": [
                    "address:delegator2"
                ],
                "gasLimit": "100,000,000",
                "gasPrice": "0"
            },
            "expect": {
                "out": [
                    "49,999,999"
                ],
                "status": "",
                "logs": "*",
                "gas": "*",
                "refund": "*"
            }
        },
        {
            "step": "scCall",
            "id": "delegator 1 claim 1",
            "tx": {
                "from": "address:delegator1",
                "to": "sc:delegation",
                "function": "claimRewards",
                "arguments": [],
                "gasLimit": "100,000,000",
                "gasPrice": "0"
            },
            "expect": {
                "out": [],
                "status": "",
                "logs": "*",
                "gas": "*",
                "refund": "*"
            }
        },
        {
            "step": "scCall",
            "id": "delegator 2 claim 1",
            "tx": {
                "from": "address:delegator2",
                "to": "sc:delegation",
                "function": "claimRewards",
                "arguments": [],
                "gasLimit": "100,000,000",
                "gasPrice": "0"
            },
            "expect": {
                "out": [],
                "status": "",
                "logs": "*",
                "gas": "*",
                "refund": "*"
            }
        },
        {
            "step": "scCall",
            "id": "delegator 0 claim 1",
            "tx": {
                "from": "address:node_address",
                "to": "sc:delegation",
                "function": "claimRewards",
                "arguments": [],
                "gasLimit": "100,000,000",
                "gasPrice": "0"
            },
            "expect": {
                "out": [],
                "status": "",
                "logs": "*",
                "gas": "*",
                "refund": "*"
            }
        },
        {
            "step": "checkState",
            "comment": "check that rewards were received",
            "accounts": {
                "sc:delegation": {
                    "comment": "inactive stake + unclaimed rewards",
                    "nonce": "*",
                    "balance": "400,001,000,000,002",
                    "storage": "*",
                    "code": "file:../output/delegation_latest_full.wasm"
                },
                "address:delegator1": {
                    "nonce": "*",
                    "balance": "33,333,333",
                    "storage": {},
                    "code": ""
                },
                "address:delegator2": {
                    "nonce": "*",
                    "balance": "49,999,999",
                    "storage": {},
                    "code": ""
                },
                "address:node_address": {
                    "nonce": "*",
                    "balance": "116,666,666",
                    "storage": {},
                    "code": ""
                },
                "+": ""
            }
        }
    ]
}
