{
    "name": "add tickets",
    "gasSchedule": "v3",
    "traceGas": false,
    "steps": [
        {
            "traceGas": false,
            "step": "externalSteps",
            "path": "init.scen.json"
        },
        {
            "step": "setState",
            "currentBlockInfo": {
                "blockNonce": "10"
            }
        },
        {
            "step": "scCall",
            "txId": "owner-add-tickets-1",
            "tx": {
                "from": "address:owner",
                "to": "sc:launchpad",
                "value": "0",
                "function": "addTickets",
                "arguments": [
                    "address:user1", "10"
                ],
                "gasLimit": "40,000,000",
                "gasPrice": "0"
            },
            "expect": {
                "status": "0",
                "message": "",
                "out": [],
                "gas": "*",
                "refund": "*"
            }
        },
        {
            "step": "scCall",
            "txId": "owner-add-tickets-2",
            "tx": {
                "from": "address:owner",
                "to": "sc:launchpad",
                "value": "0",
                "function": "addTickets",
                "arguments": [
                    "address:user2", "20",
                    "address:user3", "1"
                ],
                "gasLimit": "40,000,000",
                "gasPrice": "0"
            },
            "expect": {
                "status": "0",
                "message": "",
                "out": [],
                "gas": "*",
                "refund": "*"
            }
        },
        {
            "step": "setState",
            "currentBlockInfo": {
                "blockNonce": "20"
            }
        },
        {
            "step": "scCall",
            "txId": "try-add-duplicate-entry",
            "tx": {
                "from": "address:owner",
                "to": "sc:launchpad",
                "value": "0",
                "function": "addTickets",
                "arguments": [
                    "address:user1", "5"
                ],
                "gasLimit": "40,000,000",
                "gasPrice": "0"
            },
            "expect": {
                "status": "4",
                "message": "str:Duplicate entry for user",
                "out": [],
                "gas": "*",
                "refund": "*"
            }
        },
        {
            "step": "setState",
            "currentBlockInfo": {
                "blockNonce": "25"
            }
        },
        {
            "step": "scCall",
            "txId": "owner-try-add-too-late",
            "tx": {
                "from": "address:owner",
                "to": "sc:launchpad",
                "value": "0",
                "function": "addTickets",
                "arguments": [
                    "address:user4", "1"
                ],
                "gasLimit": "40,000,000",
                "gasPrice": "0"
            },
            "expect": {
                "status": "4",
                "message": "str:Add tickets period has passed",
                "out": [],
                "gas": "*",
                "refund": "*"
            }
        },
        {
            "step": "checkState",
            "accounts": {
                "sc:launchpad": {
                    "nonce": "0",
                    "balance": "0",
                    "storage": {
                        "str:lastTicketId": "31",

                        "str:ticketRangeForAddress|address:user1": "u32:1|u32:10",
                        "str:ticketRangeForAddress|address:user2": "u32:11|u32:30",
                        "str:ticketRangeForAddress|address:user3": "u32:31|u32:31",

                        "str:ticketBatch|u32:1": "address:user1|u32:10",
                        "str:ticketBatch|u32:11": "address:user2|u32:20",
                        "str:ticketBatch|u32:31": "address:user3|u32:1",

                        "+": ""
                    },
                    "code": "*"
                },
                "+": {}
            }
        }
    ]
}
