{
    "buildInfo": {
        "rustc": {
            "version": "1.56.0-nightly",
            "commitHash": "29ef6cf1637aa8317f8911f93f14e18d404c1b0e",
            "commitDate": "2021-08-31",
            "channel": "Nightly",
            "short": "rustc 1.56.0-nightly (29ef6cf16 2021-08-31)"
        },
        "contractCrate": {
            "name": "distribution",
            "version": "0.0.0"
        },
        "framework": {
            "name": "elrond-wasm",
            "version": "0.21.0"
        }
    },
    "name": "Distribution",
    "constructor": {
        "inputs": [
            {
                "name": "asset_token_id",
                "type": "TokenIdentifier"
            },
            {
                "name": "locked_asset_factory_address",
                "type": "Address"
            }
        ],
        "outputs": []
    },
    "endpoints": [
        {
            "name": "setCommunityDistribution",
            "onlyOwner": true,
            "mutability": "mutable",
            "inputs": [
                {
                    "name": "total_amount",
                    "type": "BigUint"
                },
                {
                    "name": "spread_epoch",
                    "type": "u64"
                }
            ],
            "outputs": []
        },
        {
            "name": "setPerUserDistributedLockedAssets",
            "onlyOwner": true,
            "mutability": "mutable",
            "inputs": [
                {
                    "name": "spread_epoch",
                    "type": "u64"
                },
                {
                    "name": "user_locked_assets",
                    "type": "variadic<multi<Address,BigUint>>",
                    "multi_arg": true
                }
            ],
            "outputs": []
        },
        {
            "name": "claimLockedAssets",
            "mutability": "mutable",
            "inputs": [],
            "outputs": [
                {
                    "type": "BigUint"
                }
            ]
        },
        {
            "name": "clearUnclaimableAssets",
            "mutability": "mutable",
            "inputs": [],
            "outputs": [
                {
                    "type": "u32"
                }
            ]
        },
        {
            "name": "undoLastCommunityDistribution",
            "onlyOwner": true,
            "mutability": "mutable",
            "inputs": [],
            "outputs": []
        },
        {
            "name": "undoUserDistributedAssetsBetweenEpochs",
            "onlyOwner": true,
            "mutability": "mutable",
            "inputs": [
                {
                    "name": "lower",
                    "type": "u64"
                },
                {
                    "name": "higher",
                    "type": "u64"
                }
            ],
            "outputs": [
                {
                    "type": "u32"
                }
            ]
        },
        {
            "name": "setUnlockPeriod",
            "onlyOwner": true,
            "mutability": "mutable",
            "inputs": [
                {
                    "name": "milestones",
                    "type": "variadic<UnlockMilestone>",
                    "multi_arg": true
                }
            ],
            "outputs": []
        },
        {
            "name": "calculateLockedAssets",
            "mutability": "readonly",
            "inputs": [
                {
                    "name": "address",
                    "type": "Address"
                }
            ],
            "outputs": [
                {
                    "type": "BigUint"
                }
            ]
        },
        {
            "name": "getLastCommunityDistributionAmountAndEpoch",
            "mutability": "readonly",
            "inputs": [],
            "outputs": [
                {
                    "type": "BigUint"
                },
                {
                    "type": "u64"
                }
            ]
        },
        {
            "name": "deleteUserDistributedLockedAssets",
            "onlyOwner": true,
            "mutability": "mutable",
            "inputs": [
                {
                    "name": "spread_epoch",
                    "type": "u64"
                },
                {
                    "name": "address",
                    "type": "Address"
                }
            ],
            "outputs": []
        },
        {
            "name": "getAllUsersDistributedLockedAssets",
            "mutability": "readonly",
            "inputs": [
                {
                    "name": "spread_epoch",
                    "type": "u64"
                }
            ],
            "outputs": [
                {
                    "type": "variadic<UserLockedAssetKey>",
                    "multi_result": true
                }
            ]
        },
        {
            "name": "getUnlockPeriod",
            "mutability": "readonly",
            "inputs": [],
            "outputs": [
                {
                    "type": "UnlockPeriod"
                }
            ]
        },
        {
            "name": "getCommunityDistributionList",
            "mutability": "readonly",
            "inputs": [],
            "outputs": [
                {
                    "type": "variadic<CommunityDistribution>",
                    "multi_result": true
                }
            ]
        },
        {
            "name": "getAssetTokenId",
            "mutability": "readonly",
            "inputs": [],
            "outputs": [
                {
                    "type": "TokenIdentifier"
                }
            ]
        },
        {
            "name": "startGlobalOperation",
            "onlyOwner": true,
            "mutability": "mutable",
            "inputs": [],
            "outputs": []
        },
        {
            "name": "endGlobalOperation",
            "onlyOwner": true,
            "mutability": "mutable",
            "inputs": [],
            "outputs": []
        }
    ],
    "types": {
        "CommunityDistribution": {
            "type": "struct",
            "fields": [
                {
                    "name": "total_amount",
                    "type": "BigUint"
                },
                {
                    "name": "spread_epoch",
                    "type": "u64"
                },
                {
                    "name": "after_planning_amount",
                    "type": "BigUint"
                }
            ]
        },
        "UnlockMilestone": {
            "type": "struct",
            "fields": [
                {
                    "name": "unlock_epoch",
                    "type": "u64"
                },
                {
                    "name": "unlock_percent",
                    "type": "u8"
                }
            ]
        },
        "UnlockPeriod": {
            "type": "struct",
            "fields": [
                {
                    "name": "unlock_milestones",
                    "type": "List<UnlockMilestone>"
                }
            ]
        },
        "UserLockedAssetKey": {
            "type": "struct",
            "fields": [
                {
                    "name": "caller",
                    "type": "Address"
                },
                {
                    "name": "spread_epoch",
                    "type": "u64"
                }
            ]
        }
    }
}