{
    "buildInfo": {
        "rustc": {
            "version": "1.80.0-nightly",
            "commitHash": "84b40fc908c3adc7e0e470b3fbaa264df0e122b8",
            "commitDate": "2024-05-27",
            "channel": "Nightly",
            "short": "rustc 1.80.0-nightly (84b40fc90 2024-05-27)"
        },
        "contractCrate": {
            "name": "farm-staking",
            "version": "0.0.0",
            "gitVersion": "v1.6.0-1831-g81b6253f"
        },
        "framework": {
            "name": "multiversx-sc",
            "version": "0.50.5"
        }
    },
    "name": "FarmStaking",
    "constructor": {
        "inputs": [
            {
                "name": "farming_token_id",
                "type": "TokenIdentifier"
            },
            {
                "name": "division_safety_constant",
                "type": "BigUint"
            },
            {
                "name": "max_apr",
                "type": "BigUint"
            },
            {
                "name": "min_unbond_epochs",
                "type": "u64"
            },
            {
                "name": "owner",
                "type": "Address"
            },
            {
                "name": "admins",
                "type": "variadic<Address>",
                "multi_arg": true
            }
        ],
        "outputs": []
    },
    "upgradeConstructor": {
        "inputs": [],
        "outputs": []
    },
    "endpoints": [
        {
            "name": "mergeFarmTokens",
            "mutability": "mutable",
            "payableInTokens": [
                "*"
            ],
            "inputs": [],
            "outputs": [
                {
                    "type": "EsdtTokenPayment"
                },
                {
                    "type": "EsdtTokenPayment"
                }
            ]
        },
        {
            "name": "setBoostedYieldsRewardsPercentage",
            "mutability": "mutable",
            "inputs": [
                {
                    "name": "percentage",
                    "type": "u64"
                }
            ],
            "outputs": []
        },
        {
            "name": "calculateRewardsForGivenPosition",
            "mutability": "readonly",
            "inputs": [
                {
                    "name": "farm_token_amount",
                    "type": "BigUint"
                },
                {
                    "name": "attributes",
                    "type": "StakingFarmTokenAttributes"
                }
            ],
            "outputs": [
                {
                    "type": "BigUint"
                }
            ]
        },
        {
            "name": "topUpRewards",
            "mutability": "mutable",
            "payableInTokens": [
                "*"
            ],
            "inputs": [],
            "outputs": []
        },
        {
            "name": "withdrawRewards",
            "mutability": "mutable",
            "payableInTokens": [
                "*"
            ],
            "inputs": [
                {
                    "name": "withdraw_amount",
                    "type": "BigUint"
                }
            ],
            "outputs": []
        },
        {
            "name": "endProduceRewards",
            "mutability": "mutable",
            "inputs": [],
            "outputs": []
        },
        {
            "name": "setPerBlockRewardAmount",
            "mutability": "mutable",
            "inputs": [
                {
                    "name": "per_block_amount",
                    "type": "BigUint"
                }
            ],
            "outputs": []
        },
        {
            "name": "setMaxApr",
            "mutability": "mutable",
            "inputs": [
                {
                    "name": "max_apr",
                    "type": "BigUint"
                }
            ],
            "outputs": []
        },
        {
            "name": "setMinUnbondEpochs",
            "mutability": "mutable",
            "inputs": [
                {
                    "name": "min_unbond_epochs",
                    "type": "u64"
                }
            ],
            "outputs": []
        },
        {
            "name": "startProduceRewards",
            "mutability": "mutable",
            "inputs": [],
            "outputs": []
        },
        {
            "name": "getAccumulatedRewards",
            "mutability": "readonly",
            "inputs": [],
            "outputs": [
                {
                    "type": "BigUint"
                }
            ]
        },
        {
            "name": "getRewardCapacity",
            "mutability": "readonly",
            "inputs": [],
            "outputs": [
                {
                    "type": "BigUint"
                }
            ]
        },
        {
            "name": "getAnnualPercentageRewards",
            "mutability": "readonly",
            "inputs": [],
            "outputs": [
                {
                    "type": "BigUint"
                }
            ]
        },
        {
            "name": "getMinUnbondEpochs",
            "mutability": "readonly",
            "inputs": [],
            "outputs": [
                {
                    "type": "u64"
                }
            ]
        },
        {
            "name": "getRewardPerShare",
            "mutability": "readonly",
            "inputs": [],
            "outputs": [
                {
                    "type": "BigUint"
                }
            ]
        },
        {
            "name": "getRewardReserve",
            "mutability": "readonly",
            "inputs": [],
            "outputs": [
                {
                    "type": "BigUint"
                }
            ]
        },
        {
            "name": "setAllowExternalClaimBoostedRewards",
            "mutability": "mutable",
            "inputs": [
                {
                    "name": "allow_external_claim",
                    "type": "bool"
                }
            ],
            "outputs": []
        },
        {
            "name": "getFarmingTokenId",
            "mutability": "readonly",
            "inputs": [],
            "outputs": [
                {
                    "type": "TokenIdentifier"
                }
            ]
        },
        {
            "name": "getRewardTokenId",
            "mutability": "readonly",
            "inputs": [],
            "outputs": [
                {
                    "type": "TokenIdentifier"
                }
            ]
        },
        {
            "name": "getPerBlockRewardAmount",
            "mutability": "readonly",
            "inputs": [],
            "outputs": [
                {
                    "type": "BigUint"
                }
            ]
        },
        {
            "name": "getLastRewardBlockNonce",
            "mutability": "readonly",
            "inputs": [],
            "outputs": [
                {
                    "type": "u64"
                }
            ]
        },
        {
            "name": "getDivisionSafetyConstant",
            "mutability": "readonly",
            "inputs": [],
            "outputs": [
                {
                    "type": "BigUint"
                }
            ]
        },
        {
            "name": "getUserTotalFarmPosition",
            "mutability": "readonly",
            "inputs": [
                {
                    "name": "user",
                    "type": "Address"
                }
            ],
            "outputs": [
                {
                    "type": "BigUint"
                }
            ]
        },
        {
            "name": "getAllowExternalClaim",
            "mutability": "readonly",
            "inputs": [
                {
                    "name": "user",
                    "type": "Address"
                }
            ],
            "outputs": [
                {
                    "type": "bool"
                }
            ]
        },
        {
            "name": "getFarmPositionMigrationNonce",
            "mutability": "readonly",
            "inputs": [],
            "outputs": [
                {
                    "type": "u64"
                }
            ]
        },
        {
            "name": "registerFarmToken",
            "mutability": "mutable",
            "payableInTokens": [
                "EGLD"
            ],
            "inputs": [
                {
                    "name": "token_display_name",
                    "type": "bytes"
                },
                {
                    "name": "token_ticker",
                    "type": "bytes"
                },
                {
                    "name": "num_decimals",
                    "type": "u32"
                }
            ],
            "outputs": []
        },
        {
            "name": "getFarmTokenId",
            "mutability": "readonly",
            "inputs": [],
            "outputs": [
                {
                    "type": "TokenIdentifier"
                }
            ]
        },
        {
            "name": "getFarmTokenSupply",
            "mutability": "readonly",
            "inputs": [],
            "outputs": [
                {
                    "type": "BigUint"
                }
            ]
        },
        {
            "name": "addSCAddressToWhitelist",
            "onlyOwner": true,
            "mutability": "mutable",
            "inputs": [
                {
                    "name": "address",
                    "type": "Address"
                }
            ],
            "outputs": []
        },
        {
            "name": "removeSCAddressFromWhitelist",
            "onlyOwner": true,
            "mutability": "mutable",
            "inputs": [
                {
                    "name": "address",
                    "type": "Address"
                }
            ],
            "outputs": []
        },
        {
            "name": "isSCAddressWhitelisted",
            "mutability": "readonly",
            "inputs": [
                {
                    "name": "address",
                    "type": "Address"
                }
            ],
            "outputs": [
                {
                    "type": "bool"
                }
            ]
        },
        {
            "name": "addToPauseWhitelist",
            "mutability": "mutable",
            "inputs": [
                {
                    "name": "address_list",
                    "type": "variadic<Address>",
                    "multi_arg": true
                }
            ],
            "outputs": []
        },
        {
            "name": "removeFromPauseWhitelist",
            "mutability": "mutable",
            "inputs": [
                {
                    "name": "address_list",
                    "type": "variadic<Address>",
                    "multi_arg": true
                }
            ],
            "outputs": []
        },
        {
            "name": "pause",
            "mutability": "mutable",
            "inputs": [],
            "outputs": []
        },
        {
            "name": "resume",
            "mutability": "mutable",
            "inputs": [],
            "outputs": []
        },
        {
            "name": "getState",
            "mutability": "readonly",
            "inputs": [],
            "outputs": [
                {
                    "type": "State"
                }
            ]
        },
        {
            "name": "addAdmin",
            "mutability": "mutable",
            "inputs": [
                {
                    "name": "address",
                    "type": "Address"
                }
            ],
            "outputs": []
        },
        {
            "name": "removeAdmin",
            "mutability": "mutable",
            "inputs": [
                {
                    "name": "address",
                    "type": "Address"
                }
            ],
            "outputs": []
        },
        {
            "name": "updateOwnerOrAdmin",
            "onlyOwner": true,
            "mutability": "mutable",
            "inputs": [
                {
                    "name": "previous_owner",
                    "type": "Address"
                }
            ],
            "outputs": []
        },
        {
            "name": "getPermissions",
            "mutability": "readonly",
            "inputs": [
                {
                    "name": "address",
                    "type": "Address"
                }
            ],
            "outputs": [
                {
                    "type": "u32"
                }
            ]
        },
        {
            "name": "setBurnRoleForAddress",
            "onlyOwner": true,
            "mutability": "mutable",
            "inputs": [
                {
                    "name": "address",
                    "type": "Address"
                }
            ],
            "outputs": []
        },
        {
            "name": "stakeFarmThroughProxy",
            "mutability": "mutable",
            "payableInTokens": [
                "*"
            ],
            "inputs": [
                {
                    "name": "staked_token_amount",
                    "type": "BigUint"
                },
                {
                    "name": "original_caller",
                    "type": "Address"
                }
            ],
            "outputs": [
                {
                    "type": "EsdtTokenPayment"
                },
                {
                    "type": "EsdtTokenPayment"
                }
            ]
        },
        {
            "name": "stakeFarm",
            "mutability": "mutable",
            "payableInTokens": [
                "*"
            ],
            "inputs": [
                {
                    "name": "opt_original_caller",
                    "type": "optional<Address>",
                    "multi_arg": true
                }
            ],
            "outputs": [
                {
                    "type": "EsdtTokenPayment"
                },
                {
                    "type": "EsdtTokenPayment"
                }
            ]
        },
        {
            "name": "claimRewards",
            "mutability": "mutable",
            "payableInTokens": [
                "*"
            ],
            "inputs": [
                {
                    "name": "opt_original_caller",
                    "type": "optional<Address>",
                    "multi_arg": true
                }
            ],
            "outputs": [
                {
                    "type": "EsdtTokenPayment"
                },
                {
                    "type": "EsdtTokenPayment"
                }
            ]
        },
        {
            "name": "claimRewardsWithNewValue",
            "mutability": "mutable",
            "payableInTokens": [
                "*"
            ],
            "inputs": [
                {
                    "name": "new_farming_amount",
                    "type": "BigUint"
                },
                {
                    "name": "original_caller",
                    "type": "Address"
                }
            ],
            "outputs": [
                {
                    "type": "EsdtTokenPayment"
                },
                {
                    "type": "EsdtTokenPayment"
                }
            ]
        },
        {
            "name": "compoundRewards",
            "mutability": "mutable",
            "payableInTokens": [
                "*"
            ],
            "inputs": [],
            "outputs": [
                {
                    "type": "EsdtTokenPayment"
                }
            ]
        },
        {
            "name": "unstakeFarm",
            "mutability": "mutable",
            "payableInTokens": [
                "*"
            ],
            "inputs": [
                {
                    "name": "opt_original_caller",
                    "type": "optional<Address>",
                    "multi_arg": true
                }
            ],
            "outputs": [
                {
                    "type": "EsdtTokenPayment"
                },
                {
                    "type": "EsdtTokenPayment"
                }
            ]
        },
        {
            "name": "unstakeFarmThroughProxy",
            "mutability": "mutable",
            "payableInTokens": [
                "*"
            ],
            "inputs": [
                {
                    "name": "original_caller",
                    "type": "Address"
                }
            ],
            "outputs": [
                {
                    "type": "EsdtTokenPayment"
                },
                {
                    "type": "EsdtTokenPayment"
                }
            ]
        },
        {
            "name": "unbondFarm",
            "mutability": "mutable",
            "payableInTokens": [
                "*"
            ],
            "inputs": [],
            "outputs": [
                {
                    "type": "EsdtTokenPayment"
                }
            ]
        },
        {
            "name": "claimBoostedRewards",
            "mutability": "mutable",
            "inputs": [
                {
                    "name": "opt_user",
                    "type": "optional<Address>",
                    "multi_arg": true
                }
            ],
            "outputs": [
                {
                    "type": "EsdtTokenPayment"
                }
            ]
        },
        {
            "name": "collectUndistributedBoostedRewards",
            "mutability": "mutable",
            "inputs": [],
            "outputs": []
        },
        {
            "name": "getBoostedYieldsRewardsPercentage",
            "mutability": "readonly",
            "inputs": [],
            "outputs": [
                {
                    "type": "u64"
                }
            ]
        },
        {
            "name": "getAccumulatedRewardsForWeek",
            "mutability": "readonly",
            "inputs": [
                {
                    "name": "week",
                    "type": "u32"
                }
            ],
            "outputs": [
                {
                    "type": "BigUint"
                }
            ]
        },
        {
            "name": "getFarmSupplyForWeek",
            "mutability": "readonly",
            "inputs": [
                {
                    "name": "week",
                    "type": "u32"
                }
            ],
            "outputs": [
                {
                    "type": "BigUint"
                }
            ]
        },
        {
            "name": "getRemainingBoostedRewardsToDistribute",
            "mutability": "readonly",
            "inputs": [
                {
                    "name": "week",
                    "type": "u32"
                }
            ],
            "outputs": [
                {
                    "type": "BigUint"
                }
            ]
        },
        {
            "name": "getUndistributedBoostedRewards",
            "mutability": "readonly",
            "inputs": [],
            "outputs": [
                {
                    "type": "BigUint"
                }
            ]
        },
        {
            "name": "setBoostedYieldsFactors",
            "mutability": "mutable",
            "inputs": [
                {
                    "name": "max_rewards_factor",
                    "type": "BigUint"
                },
                {
                    "name": "user_rewards_energy_const",
                    "type": "BigUint"
                },
                {
                    "name": "user_rewards_farm_const",
                    "type": "BigUint"
                },
                {
                    "name": "min_energy_amount",
                    "type": "BigUint"
                },
                {
                    "name": "min_farm_amount",
                    "type": "BigUint"
                }
            ],
            "outputs": []
        },
        {
            "name": "getBoostedYieldsFactors",
            "mutability": "readonly",
            "inputs": [],
            "outputs": [
                {
                    "type": "BoostedYieldsFactors"
                }
            ]
        },
        {
            "docs": [
                "Week starts from 1"
            ],
            "name": "getCurrentWeek",
            "mutability": "readonly",
            "inputs": [],
            "outputs": [
                {
                    "type": "u32"
                }
            ]
        },
        {
            "name": "getFirstWeekStartEpoch",
            "mutability": "readonly",
            "inputs": [],
            "outputs": [
                {
                    "type": "u64"
                }
            ]
        },
        {
            "name": "getLastActiveWeekForUser",
            "mutability": "readonly",
            "inputs": [
                {
                    "name": "user",
                    "type": "Address"
                }
            ],
            "outputs": [
                {
                    "type": "u32"
                }
            ]
        },
        {
            "name": "getUserEnergyForWeek",
            "mutability": "readonly",
            "inputs": [
                {
                    "name": "user",
                    "type": "Address"
                },
                {
                    "name": "week",
                    "type": "u32"
                }
            ],
            "outputs": [
                {
                    "type": "optional<Energy>",
                    "multi_result": true
                }
            ]
        },
        {
            "name": "getLastGlobalUpdateWeek",
            "mutability": "readonly",
            "inputs": [],
            "outputs": [
                {
                    "type": "u32"
                }
            ]
        },
        {
            "name": "getTotalRewardsForWeek",
            "mutability": "readonly",
            "inputs": [
                {
                    "name": "week",
                    "type": "u32"
                }
            ],
            "outputs": [
                {
                    "type": "List<EsdtTokenPayment>"
                }
            ]
        },
        {
            "name": "getTotalEnergyForWeek",
            "mutability": "readonly",
            "inputs": [
                {
                    "name": "week",
                    "type": "u32"
                }
            ],
            "outputs": [
                {
                    "type": "BigUint"
                }
            ]
        },
        {
            "name": "getTotalLockedTokensForWeek",
            "mutability": "readonly",
            "inputs": [
                {
                    "name": "week",
                    "type": "u32"
                }
            ],
            "outputs": [
                {
                    "type": "BigUint"
                }
            ]
        },
        {
            "name": "updateEnergyForUser",
            "mutability": "mutable",
            "inputs": [
                {
                    "name": "user",
                    "type": "Address"
                }
            ],
            "outputs": []
        },
        {
            "name": "getCurrentClaimProgress",
            "mutability": "readonly",
            "inputs": [
                {
                    "name": "user",
                    "type": "Address"
                }
            ],
            "outputs": [
                {
                    "type": "ClaimProgress"
                }
            ]
        },
        {
            "name": "setEnergyFactoryAddress",
            "onlyOwner": true,
            "mutability": "mutable",
            "inputs": [
                {
                    "name": "sc_address",
                    "type": "Address"
                }
            ],
            "outputs": []
        },
        {
            "name": "getEnergyFactoryAddress",
            "mutability": "readonly",
            "inputs": [],
            "outputs": [
                {
                    "type": "Address"
                }
            ]
        }
    ],
    "events": [
        {
            "identifier": "enter_farm",
            "inputs": [
                {
                    "name": "caller",
                    "type": "Address",
                    "indexed": true
                },
                {
                    "name": "epoch",
                    "type": "u64",
                    "indexed": true
                },
                {
                    "name": "block",
                    "type": "u64",
                    "indexed": true
                },
                {
                    "name": "timestamp",
                    "type": "u64",
                    "indexed": true
                },
                {
                    "name": "farming_token",
                    "type": "TokenIdentifier",
                    "indexed": true
                },
                {
                    "name": "enter_farm_event",
                    "type": "EnterFarmEvent"
                }
            ]
        },
        {
            "identifier": "exit_farm",
            "inputs": [
                {
                    "name": "caller",
                    "type": "Address",
                    "indexed": true
                },
                {
                    "name": "epoch",
                    "type": "u64",
                    "indexed": true
                },
                {
                    "name": "block",
                    "type": "u64",
                    "indexed": true
                },
                {
                    "name": "timestamp",
                    "type": "u64",
                    "indexed": true
                },
                {
                    "name": "farm_token",
                    "type": "TokenIdentifier",
                    "indexed": true
                },
                {
                    "name": "exit_farm_event",
                    "type": "ExitFarmEvent"
                }
            ]
        },
        {
            "identifier": "claim_rewards",
            "inputs": [
                {
                    "name": "caller",
                    "type": "Address",
                    "indexed": true
                },
                {
                    "name": "epoch",
                    "type": "u64",
                    "indexed": true
                },
                {
                    "name": "block",
                    "type": "u64",
                    "indexed": true
                },
                {
                    "name": "timestamp",
                    "type": "u64",
                    "indexed": true
                },
                {
                    "name": "farm_token",
                    "type": "TokenIdentifier",
                    "indexed": true
                },
                {
                    "name": "claim_rewards_event",
                    "type": "ClaimRewardsEvent"
                }
            ]
        },
        {
            "identifier": "compound_rewards",
            "inputs": [
                {
                    "name": "caller",
                    "type": "Address",
                    "indexed": true
                },
                {
                    "name": "epoch",
                    "type": "u64",
                    "indexed": true
                },
                {
                    "name": "block",
                    "type": "u64",
                    "indexed": true
                },
                {
                    "name": "timestamp",
                    "type": "u64",
                    "indexed": true
                },
                {
                    "name": "farm_token",
                    "type": "TokenIdentifier",
                    "indexed": true
                },
                {
                    "name": "compound_rewards_event",
                    "type": "CompoundRewardsEvent"
                }
            ]
        },
        {
            "identifier": "claim_multi_event",
            "inputs": [
                {
                    "name": "user",
                    "type": "Address",
                    "indexed": true
                },
                {
                    "name": "current_week",
                    "type": "u32",
                    "indexed": true
                },
                {
                    "name": "energy",
                    "type": "Energy",
                    "indexed": true
                },
                {
                    "name": "all_payments",
                    "type": "List<EsdtTokenPayment>"
                }
            ]
        },
        {
            "identifier": "update_user_energy_event",
            "inputs": [
                {
                    "name": "user",
                    "type": "Address",
                    "indexed": true
                },
                {
                    "name": "current_week",
                    "type": "u32",
                    "indexed": true
                },
                {
                    "name": "energy",
                    "type": "Energy",
                    "indexed": true
                }
            ]
        },
        {
            "identifier": "update_global_amounts_event",
            "inputs": [
                {
                    "name": "current_week",
                    "type": "u32",
                    "indexed": true
                },
                {
                    "name": "total_locked_tokens",
                    "type": "BigUint",
                    "indexed": true
                },
                {
                    "name": "total_energy",
                    "type": "BigUint",
                    "indexed": true
                }
            ]
        }
    ],
    "esdtAttributes": [],
    "hasCallback": true,
    "types": {
        "BoostedYieldsFactors": {
            "type": "struct",
            "fields": [
                {
                    "name": "max_rewards_factor",
                    "type": "BigUint"
                },
                {
                    "name": "user_rewards_energy_const",
                    "type": "BigUint"
                },
                {
                    "name": "user_rewards_farm_const",
                    "type": "BigUint"
                },
                {
                    "name": "min_energy_amount",
                    "type": "BigUint"
                },
                {
                    "name": "min_farm_amount",
                    "type": "BigUint"
                }
            ]
        },
        "ClaimProgress": {
            "type": "struct",
            "fields": [
                {
                    "name": "energy",
                    "type": "Energy"
                },
                {
                    "name": "week",
                    "type": "u32"
                }
            ]
        },
        "ClaimRewardsEvent": {
            "type": "struct",
            "fields": [
                {
                    "name": "old_farm_token",
                    "type": "EsdtTokenPayment"
                },
                {
                    "name": "new_farm_token",
                    "type": "EsdtTokenPayment"
                },
                {
                    "name": "farm_supply",
                    "type": "BigUint"
                },
                {
                    "name": "reward_tokens",
                    "type": "EsdtTokenPayment"
                },
                {
                    "name": "reward_reserve",
                    "type": "BigUint"
                },
                {
                    "name": "old_farm_attributes",
                    "type": "bytes"
                },
                {
                    "name": "new_farm_attributes",
                    "type": "bytes"
                },
                {
                    "name": "created_with_merge",
                    "type": "bool"
                }
            ]
        },
        "CompoundRewardsEvent": {
            "type": "struct",
            "fields": [
                {
                    "name": "old_farm_token",
                    "type": "EsdtTokenPayment"
                },
                {
                    "name": "new_farm_token",
                    "type": "EsdtTokenPayment"
                },
                {
                    "name": "farm_supply",
                    "type": "BigUint"
                },
                {
                    "name": "reward_tokens",
                    "type": "EsdtTokenPayment"
                },
                {
                    "name": "reward_reserve",
                    "type": "BigUint"
                },
                {
                    "name": "old_farm_attributes",
                    "type": "bytes"
                },
                {
                    "name": "new_farm_attributes",
                    "type": "bytes"
                },
                {
                    "name": "created_with_merge",
                    "type": "bool"
                }
            ]
        },
        "Energy": {
            "type": "struct",
            "fields": [
                {
                    "name": "amount",
                    "type": "BigInt"
                },
                {
                    "name": "last_update_epoch",
                    "type": "u64"
                },
                {
                    "name": "total_locked_tokens",
                    "type": "BigUint"
                }
            ]
        },
        "EnterFarmEvent": {
            "type": "struct",
            "fields": [
                {
                    "name": "farming_token_id",
                    "type": "TokenIdentifier"
                },
                {
                    "name": "farming_token_amount",
                    "type": "BigUint"
                },
                {
                    "name": "farm_token",
                    "type": "EsdtTokenPayment"
                },
                {
                    "name": "farm_supply",
                    "type": "BigUint"
                },
                {
                    "name": "reward_token_id",
                    "type": "TokenIdentifier"
                },
                {
                    "name": "reward_token_reserve",
                    "type": "BigUint"
                },
                {
                    "name": "farm_attributes",
                    "type": "bytes"
                },
                {
                    "name": "created_with_merge",
                    "type": "bool"
                }
            ]
        },
        "EsdtTokenPayment": {
            "type": "struct",
            "fields": [
                {
                    "name": "token_identifier",
                    "type": "TokenIdentifier"
                },
                {
                    "name": "token_nonce",
                    "type": "u64"
                },
                {
                    "name": "amount",
                    "type": "BigUint"
                }
            ]
        },
        "ExitFarmEvent": {
            "type": "struct",
            "fields": [
                {
                    "name": "farming_token_id",
                    "type": "TokenIdentifier"
                },
                {
                    "name": "farming_token_amount",
                    "type": "BigUint"
                },
                {
                    "name": "farm_token",
                    "type": "EsdtTokenPayment"
                },
                {
                    "name": "farm_supply",
                    "type": "BigUint"
                },
                {
                    "name": "reward_tokens",
                    "type": "EsdtTokenPayment"
                },
                {
                    "name": "reward_reserve",
                    "type": "BigUint"
                },
                {
                    "name": "farm_attributes",
                    "type": "bytes"
                }
            ]
        },
        "StakingFarmTokenAttributes": {
            "type": "struct",
            "fields": [
                {
                    "name": "reward_per_share",
                    "type": "BigUint"
                },
                {
                    "name": "compounded_reward",
                    "type": "BigUint"
                },
                {
                    "name": "current_farm_amount",
                    "type": "BigUint"
                },
                {
                    "name": "original_owner",
                    "type": "Address"
                }
            ]
        },
        "State": {
            "type": "enum",
            "variants": [
                {
                    "name": "Inactive",
                    "discriminant": 0
                },
                {
                    "name": "Active",
                    "discriminant": 1
                },
                {
                    "name": "PartialActive",
                    "discriminant": 2
                }
            ]
        }
    }
}
