{
    "buildInfo": {
        "rustc": {
            "version": "1.70.0-nightly",
            "commitHash": "3a8a131e9509c478ece1c58fe0ea2d49463d2300",
            "commitDate": "2023-04-02",
            "channel": "Nightly",
            "short": "rustc 1.70.0-nightly (3a8a131e9 2023-04-02)"
        },
        "contractCrate": {
            "name": "locked-token-wrapper",
            "version": "0.0.0",
            "gitVersion": "v1.6.0-1262-gbd0806ab"
        },
        "framework": {
            "name": "multiversx-sc",
            "version": "0.39.4"
        }
    },
    "name": "LockedTokenWrapper",
    "constructor": {
        "inputs": [
            {
                "name": "energy_factory_address",
                "type": "Address"
            }
        ],
        "outputs": []
    },
    "endpoints": [
        {
            "name": "wrapLockedToken",
            "mutability": "mutable",
            "payableInTokens": [
                "*"
            ],
            "inputs": [],
            "outputs": [
                {
                    "type": "EsdtTokenPayment"
                }
            ]
        },
        {
            "name": "unwrapLockedToken",
            "mutability": "mutable",
            "payableInTokens": [
                "*"
            ],
            "inputs": [],
            "outputs": [
                {
                    "type": "EsdtTokenPayment"
                }
            ]
        },
        {
            "name": "issueWrappedToken",
            "onlyOwner": true,
            "mutability": "mutable",
            "payableInTokens": [
                "EGLD"
            ],
            "inputs": [
                {
                    "name": "token_display_name",
                    "type": "bytes"
                },
                {
                    "name": "token_ticker",
                    "type": "bytes"
                },
                {
                    "name": "num_decimals",
                    "type": "u32"
                }
            ],
            "outputs": []
        },
        {
            "docs": [
                "Sets the transfer role for the given address. Defaults to own address."
            ],
            "name": "setTransferRoleWrappedToken",
            "onlyOwner": true,
            "mutability": "mutable",
            "inputs": [
                {
                    "name": "opt_address",
                    "type": "optional<Address>",
                    "multi_arg": true
                }
            ],
            "outputs": []
        },
        {
            "docs": [
                "Removes the transfer role for the given address."
            ],
            "name": "unsetTransferRoleWrappedToken",
            "onlyOwner": true,
            "mutability": "mutable",
            "inputs": [
                {
                    "name": "address",
                    "type": "Address"
                }
            ],
            "outputs": []
        },
        {
            "name": "getWrappedTokenId",
            "mutability": "readonly",
            "inputs": [],
            "outputs": [
                {
                    "type": "TokenIdentifier"
                }
            ]
        },
        {
            "name": "setEnergyFactoryAddress",
            "onlyOwner": true,
            "mutability": "mutable",
            "inputs": [
                {
                    "name": "sc_address",
                    "type": "Address"
                }
            ],
            "outputs": []
        },
        {
            "name": "getEnergyFactoryAddress",
            "mutability": "readonly",
            "inputs": [],
            "outputs": [
                {
                    "type": "Address"
                }
            ]
        }
    ],
    "events": [],
    "hasCallback": true,
    "types": {
        "EsdtTokenPayment": {
            "type": "struct",
            "fields": [
                {
                    "name": "token_identifier",
                    "type": "TokenIdentifier"
                },
                {
                    "name": "token_nonce",
                    "type": "u64"
                },
                {
                    "name": "amount",
                    "type": "BigUint"
                }
            ]
        }
    }
}
