{
  "buildInfo": {
    "rustc": {
      "version": "1.71.0-nightly",
      "commitHash": "c373194cb6d882dc455a588bcc29c92a96b50252",
      "commitDate": "2023-05-24",
      "channel": "Nightly",
      "short": "rustc 1.71.0-nightly (c373194cb 2023-05-24)"
    },
    "contractCrate": {
      "name": "nft-minter",
      "version": "0.0.0"
    },
    "framework": {
      "name": "multiversx-sc",
      "version": "0.41.3"
    }
  },
  "name": "NftMinter",
  "constructor": {
    "inputs": [
      {
        "name": "royalties_claim_address",
        "type": "Address"
      },
      {
        "name": "mint_payments_claim_address",
        "type": "Address"
      },
      {
        "name": "max_nfts_per_transaction",
        "type": "u32"
      },
      {
        "name": "opt_admin",
        "type": "optional<Address>",
        "multi_arg": true
      }
    ],
    "outputs": []
  },
  "endpoints": [
    {
      "name": "setMaxNftsPerTransaction",
      "onlyOwner": true,
      "mutability": "mutable",
      "inputs": [
        {
          "name": "max",
          "type": "u32"
        }
      ],
      "outputs": []
    },
    {
      "name": "getMaxNftsPerTransaction",
      "mutability": "readonly",
      "inputs": [],
      "outputs": [
        {
          "type": "u32"
        }
      ]
    },
    {
      "name": "getRegisterdCollectionHashes",
      "mutability": "readonly",
      "inputs": [],
      "outputs": [
        {
          "type": "variadic<array46<u8>>",
          "multi_result": true
        }
      ]
    },
    {
      "name": "getRegisteredBrands",
      "mutability": "readonly",
      "inputs": [],
      "outputs": [
        {
          "type": "variadic<bytes>",
          "multi_result": true
        }
      ]
    },
    {
      "name": "getNftTokenIdForBrand",
      "mutability": "readonly",
      "inputs": [
        {
          "name": "brand_id",
          "type": "bytes"
        }
      ],
      "outputs": [
        {
          "type": "TokenIdentifier"
        }
      ]
    },
    {
      "name": "getPriceForTier",
      "mutability": "readonly",
      "inputs": [
        {
          "name": "brand_id",
          "type": "bytes"
        },
        {
          "name": "tier",
          "type": "bytes"
        }
      ],
      "outputs": [
        {
          "type": "MintPrice"
        }
      ]
    },
    {
      "name": "getTagsForBrand",
      "mutability": "readonly",
      "inputs": [
        {
          "name": "brand_id",
          "type": "bytes"
        }
      ],
      "outputs": [
        {
          "type": "List<bytes>"
        }
      ]
    },
    {
      "name": "getMintWhitelist",
      "mutability": "readonly",
      "inputs": [
        {
          "name": "brand_id",
          "type": "bytes"
        }
      ],
      "outputs": [
        {
          "type": "variadic<Address>",
          "multi_result": true
        }
      ]
    },
    {
      "name": "addUserToAdminList",
      "onlyOwner": true,
      "mutability": "mutable",
      "inputs": [
        {
          "name": "address",
          "type": "Address"
        }
      ],
      "outputs": []
    },
    {
      "name": "removeUserFromAdminList",
      "onlyOwner": true,
      "mutability": "mutable",
      "inputs": [
        {
          "name": "address",
          "type": "Address"
        }
      ],
      "outputs": []
    },
    {
      "name": "issueTokenForBrand",
      "mutability": "mutable",
      "payableInTokens": ["EGLD"],
      "inputs": [
        {
          "name": "collection_hash",
          "type": "array46<u8>"
        },
        {
          "name": "brand_id",
          "type": "bytes"
        },
        {
          "name": "media_type",
          "type": "bytes"
        },
        {
          "name": "royalties",
          "type": "BigUint"
        },
        {
          "name": "mint_start_timestamp",
          "type": "u64"
        },
        {
          "name": "mint_end_timestamp",
          "type": "u64"
        },
        {
          "name": "mint_price_token_id",
          "type": "EgldOrEsdtTokenIdentifier"
        },
        {
          "name": "token_display_name",
          "type": "bytes"
        },
        {
          "name": "token_ticker",
          "type": "bytes"
        },
        {
          "name": "whitelist_expire_timestamp",
          "type": "u64"
        },
        {
          "name": "tags",
          "type": "List<bytes>"
        },
        {
          "name": "tier_name_nr_nfts_pairs",
          "type": "variadic<multi<bytes,u32,BigUint>>",
          "multi_arg": true
        }
      ],
      "outputs": []
    },
    {
      "name": "addToWhitelist",
      "mutability": "mutable",
      "inputs": [
        {
          "name": "brand_id",
          "type": "bytes"
        },
        {
          "name": "users",
          "type": "variadic<Address>",
          "multi_arg": true
        }
      ],
      "outputs": []
    },
    {
      "name": "removeFromWhitelist",
      "mutability": "mutable",
      "inputs": [
        {
          "name": "brand_id",
          "type": "bytes"
        },
        {
          "name": "users",
          "type": "variadic<Address>",
          "multi_arg": true
        }
      ],
      "outputs": []
    },
    {
      "name": "setMintWhitelistExpireTimestamp",
      "mutability": "mutable",
      "inputs": [
        {
          "name": "brand_id",
          "type": "bytes"
        },
        {
          "name": "timestamp",
          "type": "u64"
        }
      ],
      "outputs": []
    },
    {
      "name": "buyRandomNft",
      "mutability": "mutable",
      "payableInTokens": ["*"],
      "inputs": [
        {
          "name": "brand_id",
          "type": "bytes"
        },
        {
          "name": "tier",
          "type": "bytes"
        },
        {
          "name": "opt_nfts_to_buy",
          "type": "optional<u32>",
          "multi_arg": true
        }
      ],
      "outputs": [
        {
          "type": "List<EsdtTokenPayment>"
        }
      ]
    },
    {
      "name": "giveawayNfts",
      "mutability": "mutable",
      "inputs": [
        {
          "name": "brand_id",
          "type": "bytes"
        },
        {
          "name": "tier",
          "type": "bytes"
        },
        {
          "name": "dest_amount_pairs",
          "type": "variadic<multi<Address,u32>>",
          "multi_arg": true
        }
      ],
      "outputs": []
    },
    {
      "name": "nftUpgrade",
      "mutability": "mutable",
      "payableInTokens": ["*"],
      "inputs": [
        {
          "name": "brand_id",
          "type": "bytes"
        }
      ],
      "outputs": []
    },
    {
      "name": "getNftTiersForBrand",
      "mutability": "readonly",
      "inputs": [
        {
          "name": "brand_id",
          "type": "bytes"
        }
      ],
      "outputs": [
        {
          "type": "variadic<bytes>",
          "multi_result": true
        }
      ]
    },
    {
      "name": "nftIdOffsetForTier",
      "mutability": "readonly",
      "inputs": [
        {
          "name": "brand_id",
          "type": "bytes"
        },
        {
          "name": "tier",
          "type": "bytes"
        }
      ],
      "outputs": [
        {
          "type": "u32"
        }
      ]
    },
    {
      "name": "setRoyaltiesClaimAddress",
      "mutability": "mutable",
      "inputs": [
        {
          "name": "new_address",
          "type": "Address"
        }
      ],
      "outputs": []
    },
    {
      "name": "setMintPaymentsClaimAddress",
      "mutability": "mutable",
      "inputs": [
        {
          "name": "new_address",
          "type": "Address"
        }
      ],
      "outputs": []
    },
    {
      "name": "claimRoyalties",
      "mutability": "mutable",
      "inputs": [],
      "outputs": [
        {
          "type": "BigUint"
        },
        {
          "type": "List<EsdtTokenPayment>"
        }
      ]
    },
    {
      "name": "claimMintPayments",
      "mutability": "mutable",
      "inputs": [],
      "outputs": [
        {
          "type": "BigUint"
        },
        {
          "type": "List<EsdtTokenPayment>"
        }
      ]
    },
    {
      "name": "getRoyaltiesClaimAddress",
      "mutability": "readonly",
      "inputs": [],
      "outputs": [
        {
          "type": "Address"
        }
      ]
    },
    {
      "name": "getMintPaymentsClaimAddress",
      "mutability": "readonly",
      "inputs": [],
      "outputs": [
        {
          "type": "Address"
        }
      ]
    },
    {
      "name": "getAccumulatedRoyalties",
      "mutability": "readonly",
      "inputs": [],
      "outputs": [
        {
          "type": "variadic<multi<EgldOrEsdtTokenIdentifier,BigUint>>",
          "multi_result": true
        }
      ]
    },
    {
      "name": "getAccumulatedMintPayments",
      "mutability": "readonly",
      "inputs": [],
      "outputs": [
        {
          "type": "variadic<multi<EgldOrEsdtTokenIdentifier,BigUint>>",
          "multi_result": true
        }
      ]
    },
    {
      "name": "claimRoyaltiesFromMarketplace",
      "mutability": "mutable",
      "inputs": [
        {
          "name": "marketplace_address",
          "type": "Address"
        },
        {
          "name": "tokens",
          "type": "variadic<EgldOrEsdtTokenIdentifier>",
          "multi_arg": true
        }
      ],
      "outputs": []
    },
    {
      "name": "getBrandInfo",
      "mutability": "readonly",
      "inputs": [
        {
          "name": "brand_id",
          "type": "bytes"
        }
      ],
      "outputs": [
        {
          "type": "BrandInfoViewResultType"
        }
      ]
    },
    {
      "name": "getAllBrandsInfo",
      "mutability": "readonly",
      "inputs": [],
      "outputs": [
        {
          "type": "variadic<BrandInfoViewResultType>",
          "multi_result": true
        }
      ]
    },
    {
      "name": "pause",
      "onlyOwner": true,
      "mutability": "mutable",
      "inputs": [],
      "outputs": []
    },
    {
      "name": "unpause",
      "onlyOwner": true,
      "mutability": "mutable",
      "inputs": [],
      "outputs": []
    },
    {
      "name": "isPaused",
      "mutability": "readonly",
      "inputs": [],
      "outputs": [
        {
          "type": "bool"
        }
      ]
    }
  ],
  "events": [
    {
      "identifier": "brandCreated",
      "inputs": [
        {
          "name": "brand_id",
          "type": "bytes",
          "indexed": true
        },
        {
          "name": "nft_token_id",
          "type": "TokenIdentifier",
          "indexed": true
        }
      ]
    },
    {
      "identifier": "nftBought",
      "inputs": [
        {
          "name": "buyer_address",
          "type": "Address",
          "indexed": true
        },
        {
          "name": "brand_id",
          "type": "bytes",
          "indexed": true
        },
        {
          "name": "tier",
          "type": "bytes",
          "indexed": true
        },
        {
          "name": "nr_nfts_bought",
          "type": "u32"
        }
      ]
    },
    {
      "identifier": "nftGiveaway",
      "inputs": [
        {
          "name": "brand_id",
          "type": "bytes",
          "indexed": true
        },
        {
          "name": "tier",
          "type": "bytes",
          "indexed": true
        },
        {
          "name": "total_nfts_given",
          "type": "u32"
        }
      ]
    }
  ],
  "hasCallback": true,
  "types": {
    "TimePeriod": {
      "type": "struct",
      "fields": [
        {
          "name": "start",
          "type": "u64"
        },
        {
          "name": "end",
          "type": "u64"
        }
      ]
    },
    "BrandInfo": {
      "type": "struct",
      "fields": [
        {
          "name": "collection_hash",
          "type": "array46<u8>"
        },
        {
          "name": "token_display_name",
          "type": "bytes"
        },
        {
          "name": "media_type",
          "type": "bytes"
        },
        {
          "name": "royalties",
          "type": "BigUint"
        },
        {
          "name": "mint_period",
          "type": "TimePeriod"
        },
        {
          "name": "whitelist_expire_timestamp",
          "type": "u64"
        }
      ]
    },
    "MintPrice": {
      "type": "struct",
      "fields": [
        {
          "name": "token_id",
          "type": "EgldOrEsdtTokenIdentifier"
        },
        {
          "name": "amount",
          "type": "BigUint"
        }
      ]
    },
    "TierInfoEntry": {
      "type": "struct",
      "fields": [
        {
          "name": "tier",
          "type": "bytes"
        },
        {
          "name": "total_nfts",
          "type": "u32"
        },
        {
          "name": "available_nfts",
          "type": "u32"
        },
        {
          "name": "mint_price",
          "type": "MintPrice"
        }
      ]
    },
    "BrandInfoViewResultType": {
      "type": "struct",
      "fields": [
        {
          "name": "brand_id",
          "type": "bytes"
        },
        {
          "name": "nft_token_id",
          "type": "TokenIdentifier"
        },
        {
          "name": "brand_info",
          "type": "BrandInfo"
        },
        {
          "name": "tier_info_entries",
          "type": "List<TierInfoEntry>"
        }
      ]
    },
    "EsdtTokenPayment": {
      "type": "struct",
      "fields": [
        {
          "name": "token_identifier",
          "type": "TokenIdentifier"
        },
        {
          "name": "token_nonce",
          "type": "u64"
        },
        {
          "name": "amount",
          "type": "BigUint"
        }
      ]
    }
  }
}
